datetime,open_price,high_price,low_price,close_price,volume,close_time,quote_asset_volume,number_of_trades,taker_buy_base,taker_buy_quote,ignore
2024-12-27 20:00:00,186.9,187.0,183.13,184.22,219006.024,1735343999999,40480224.6349,134152,120442.145,22254196.76957,0
2024-12-28 00:00:00,184.22,186.01,183.82,185.03,183303.245,1735358399999,33907562.41958,139946,108376.224,20048345.44511,0
2024-12-28 04:00:00,185.03,186.32,184.26,185.13,172811.415,1735372799999,32031799.0598,97404,81833.896,15172141.27973,0
2024-12-28 08:00:00,185.13,187.36,185.0,187.19,183668.43,1735387199999,34210588.83645,110913,84291.824,15702322.52202,0
2024-12-28 12:00:00,187.19,191.3,186.5,190.18,326507.097,1735401599999,61731702.2299,192393,165857.147,31353050.70657,0
2024-12-28 16:00:00,190.19,195.35,189.64,193.76,348568.007,1735415999999,67426259.57765,178420,192769.781,37275405.4527,0
2024-12-28 20:00:00,193.76,196.1,192.71,195.5,279989.673,1735430399999,54417261.54224,121502,149866.082,29125584.61607,0
2024-12-29 00:00:00,195.5,195.7,192.42,194.78,261346.132,1735444799999,50608338.86611,133102,127882.415,24770288.12891,0
2024-12-29 04:00:00,194.79,197.37,194.07,196.04,226220.927,1735459199999,44211367.72158,103832,118834.368,23229620.09043,0
2024-12-29 08:00:00,196.03,197.34,194.88,196.09,216117.187,1735473599999,42381192.75845,111264,119248.275,23386587.33494,0
2024-12-29 12:00:00,196.1,197.71,192.91,195.14,336831.566,1735487999999,65706695.87789,192810,165990.961,32389696.12013,0
2024-12-29 16:00:00,195.15,195.48,192.16,192.71,217764.295,1735502399999,42112990.70504,153373,101853.837,19697367.20901,0
2024-12-29 20:00:00,192.71,192.81,188.57,189.94,301909.912,1735516799999,57530450.48628,167596,128239.195,24440333.8059,0
2024-12-30 00:00:00,189.94,194.4,189.08,191.38,332906.435,1735531199999,63967028.91258,227158,178493.001,34294418.24377,0
2024-12-30 04:00:00,191.37,193.73,189.58,192.36,245144.784,1735545599999,46952546.01618,155580,123614.723,23698187.64887,0
2024-12-30 08:00:00,192.37,194.14,191.52,193.51,249320.98,1735559999999,48142462.11898,161178,129135.187,24932836.24681,0
2024-12-30 12:00:00,193.52,194.82,185.99,187.32,596411.939,1735574399999,112974597.40576,330230,262516.661,49717538.5012,0
2024-12-30 16:00:00,187.32,196.3,185.89,196.21,593100.561,1735588799999,113727974.52767,328044,327223.622,62739307.83872,0
2024-12-30 20:00:00,196.2,196.47,189.1,191.38,399100.789,1735603199999,76627990.3962,215001,198329.495,38043917.94638,0
2024-12-31 00:00:00,191.37,192.05,188.33,189.96,282814.546,1735617599999,53716871.96473,180488,148007.786,28126395.4336,0
2024-12-31 04:00:00,189.95,190.77,188.04,190.07,283226.206,1735631999999,53624011.38189,159257,150028.441,28403965.31195,0
2024-12-31 08:00:00,190.07,194.96,190.0,193.79,448946.097,1735646399999,86673145.86902,213625,220924.916,42637832.97881,0
2024-12-31 12:00:00,193.8,198.76,193.01,198.44,595922.956,1735660799999,117008942.14259,280737,328430.977,64490669.51525,0
2024-12-31 16:00:00,198.44,199.27,193.22,193.81,460862.38,1735675199999,90532991.90772,252156,217449.763,42730668.62658,0
2024-12-31 20:00:00,193.81,194.82,189.2,189.31,390206.077,1735689599999,74895113.40003,163584,194567.152,37354862.75009,0
2025-01-01 00:00:00,189.31,192.66,189.08,190.43,300383.879,1735703999999,57398615.66134,136324,164052.928,31346373.37427,0
2025-01-01 04:00:00,190.42,190.62,189.32,190.06,200370.138,1735718399999,38057595.36962,91417,117153.193,22249922.92988,0
2025-01-01 08:00:00,190.06,191.86,188.0,191.36,282560.942,1735732799999,53644575.44455,136321,153795.865,29216844.57573,0
2025-01-01 12:00:00,191.35,192.15,189.14,191.91,303578.959,1735747199999,57896196.0426,161994,152394.661,29068503.37796,0
2025-01-01 16:00:00,191.91,193.91,189.25,193.1,292988.472,1735761599999,56082427.8394,184702,137448.12,26315212.89075,0
2025-01-01 20:00:00,193.1,195.33,193.1,194.28,275277.712,1735775999999,53479021.34948,154266,132737.034,25788042.20972,0
2025-01-02 00:00:00,194.28,199.7,193.43,198.54,596298.24,1735790399999,117780185.72937,262817,310167.766,61262233.70631,0
2025-01-02 04:00:00,198.55,206.89,198.54,205.91,818936.965,1735804799999,167175465.4788,306211,454043.256,92630638.72493,0
2025-01-02 08:00:00,205.91,208.88,205.66,208.51,492598.555,1735819199999,102023055.52721,209531,262373.927,54350786.32418,0
2025-01-02 12:00:00,208.52,210.48,205.45,206.77,692607.425,1735833599999,144033445.88986,432941,372289.137,77455273.86886,0
2025-01-02 16:00:00,206.77,209.07,204.67,206.69,397816.106,1735847999999,82263373.13959,236316,199322.376,41238574.09521,0
2025-01-02 20:00:00,206.69,208.44,205.2,208.31,226666.691,1735862399999,46894886.83417,167539,120824.868,25000618.48305,0
2025-01-03 00:00:00,208.3,208.45,205.63,208.05,285439.789,1735876799999,59102303.3489,153940,155075.85,32121501.8192,0
2025-01-03 04:00:00,208.05,210.0,207.09,207.95,385288.935,1735891199999,80333062.92618,191906,197462.096,41178458.87433,0
2025-01-03 08:00:00,207.95,215.18,207.6,214.51,785327.584,1735905599999,166316613.98103,273285,416371.148,88110268.18889,0
2025-01-03 12:00:00,214.52,218.7,212.09,217.36,855675.834,1735919999999,184322726.60492,387886,425869.102,91749352.00466,0
2025-01-03 16:00:00,217.37,219.83,216.46,217.1,608719.343,1735934399999,132625810.48224,251193,316167.974,68894428.55379,0
2025-01-03 20:00:00,217.1,218.04,215.81,217.99,330635.071,1735948799999,71670018.67909,136027,185013.384,40105951.33688,0
2025-01-04 00:00:00,218.0,218.18,215.67,216.97,409005.05,1735963199999,88711191.22193,208053,219962.76,47700914.76413,0
2025-01-04 04:00:00,216.97,217.96,215.58,216.71,300841.337,1735977599999,65253660.84385,123827,165337.833,35867174.375,0
2025-01-04 08:00:00,216.7,216.73,214.4,216.45,307779.925,1735991999999,66401398.01218,128332,159273.825,34367183.10908,0
2025-01-04 12:00:00,216.46,217.66,213.54,214.32,517489.082,1736006399999,111733495.33568,203948,226508.887,48913834.00787,0
2025-01-04 16:00:00,214.31,215.96,213.73,215.58,213635.313,1736020799999,45930339.3161,126869,102897.564,22118848.60626,0
2025-01-04 20:00:00,215.58,217.27,215.41,216.67,194960.683,1736035199999,42170242.21269,99220,101978.974,22059525.35216,0
2025-01-05 00:00:00,216.67,218.99,215.27,217.96,446040.445,1736049599999,96804546.92282,201438,251600.874,54629496.28299,0
2025-01-05 04:00:00,217.96,219.05,215.97,216.47,299171.901,1736063999999,65032734.88383,129783,153805.024,33449236.38288,0
2025-01-05 08:00:00,216.47,216.57,212.91,213.93,332411.755,1736078399999,71227136.87873,152977,146164.416,31319092.20608,0
2025-01-05 12:00:00,213.94,214.61,211.61,213.59,528394.801,1736092799999,112580130.98773,189041,185167.78,39462554.98778,0
2025-01-05 16:00:00,213.58,214.29,211.46,212.79,293290.116,1736107199999,62396705.85633,130996,146871.443,31248559.75225,0
2025-01-05 20:00:00,212.79,214.54,212.54,213.41,201731.527,1736121599999,43089439.0472,97940,105242.704,22480865.43228,0
2025-01-06 00:00:00,213.41,216.99,211.56,215.61,407522.331,1736135999999,87455064.50764,313535,208428.76,44732150.18104,0
2025-01-06 04:00:00,215.61,216.9,213.9,215.22,357605.372,1736150399999,77011170.01283,185565,157839.346,33997725.91502,0
2025-01-06 08:00:00,215.22,216.27,213.23,216.26,283782.476,1736164799999,60943354.58959,136428,149485.628,32113430.94983,0
2025-01-06 12:00:00,216.26,222.14,215.77,221.62,920232.208,1736179199999,201865757.17988,371149,495632.394,108733152.19043,0
2025-01-06 16:00:00,221.62,223.18,217.34,220.0,618459.488,1736193599999,136166137.34206,260156,337035.567,74228008.35486,0
2025-01-06 20:00:00,220.0,220.44,217.55,218.22,267760.983,1736207999999,58486950.29215,127623,136964.941,29910747.77794,0
2025-01-07 00:00:00,218.22,219.11,216.23,217.34,332023.177,1736222399999,72246126.48348,170178,174584.968,37990136.6915,0
2025-01-07 04:00:00,217.35,217.45,215.49,216.04,267074.144,1736236799999,57776026.42189,91214,147135.76,31822049.84583,0
2025-01-07 08:00:00,216.04,216.77,212.88,214.06,497502.634,1736251199999,106998803.72938,145940,275667.16,59305164.47104,0
2025-01-07 12:00:00,214.07,214.36,205.36,207.76,1416679.796,1736265599999,297239929.20852,466859,676616.676,142096269.25397,0
2025-01-07 16:00:00,207.76,209.09,203.52,204.56,746652.762,1736279999999,154111246.22556,354768,375305.921,77509552.20328,0
2025-01-07 20:00:00,204.56,204.99,201.8,202.17,482365.771,1736294399999,98149381.81238,246795,267259.946,54399134.90607,0
2025-01-08 00:00:00,202.17,203.28,196.71,198.67,811404.522,1736308799999,162609566.67839,328587,389771.878,78122958.31064,0
2025-01-08 04:00:00,198.68,199.57,193.14,195.71,897448.314,1736323199999,176142860.03124,330000,443348.982,87048148.3343,0
2025-01-08 08:00:00,195.71,198.0,194.45,195.5,644966.998,1736337599999,126965744.24873,216086,384390.242,75716068.47757,0
2025-01-08 12:00:00,195.51,199.57,194.86,197.8,674808.365,1736351999999,133144133.58416,382561,386476.736,76272000.80185,0
2025-01-08 16:00:00,197.8,197.97,188.34,194.32,1060441.487,1736366399999,204944818.03982,570407,538546.552,104118299.74863,0
2025-01-08 20:00:00,194.31,198.3,193.67,197.48,357760.544,1736380799999,70106091.16579,203501,196099.079,38427999.43524,0
2025-01-09 00:00:00,197.48,199.06,194.15,194.35,433836.763,1736395199999,85354438.76644,231516,211552.811,41661366.48151,0
2025-01-09 04:00:00,194.35,195.55,189.76,190.11,482716.979,1736409599999,93021196.78037,239138,235711.629,45469984.18255,0
2025-01-09 08:00:00,190.11,192.83,189.12,191.18,434027.698,1736423999999,82908380.47588,239973,225707.637,43144004.26381,0
2025-01-09 12:00:00,191.17,193.07,185.07,192.22,993576.041,1736438399999,187441280.72715,490092,504738.765,95271934.28142,0
2025-01-09 16:00:00,192.22,192.81,185.72,185.89,525562.213,1736452799999,99370539.56135,388695,262262.784,49595795.48968,0
2025-01-09 20:00:00,185.9,187.59,182.0,184.95,737427.499,1736467199999,136249077.91309,372270,361400.932,66778887.64853,0
2025-01-10 00:00:00,184.96,189.56,184.95,189.14,432214.297,1736481599999,81017815.71957,272652,216515.482,40588164.84229,0
2025-01-10 04:00:00,189.14,193.02,188.38,191.78,516491.013,1736495999999,98385914.7297,242260,246046.611,46882798.63776,0
2025-01-10 08:00:00,191.77,192.87,191.13,191.97,507468.756,1736510399999,97463114.19196,200679,220496.1,42355114.3015,0
2025-01-10 12:00:00,191.98,192.18,183.51,187.28,1220525.027,1736524799999,228612655.13933,573452,572027.977,107106754.45676,0
2025-01-10 16:00:00,187.28,192.07,183.85,190.22,675075.977,1736539199999,127139459.47671,400864,343523.392,64652852.16567,0
2025-01-10 20:00:00,190.22,190.5,186.71,187.68,291117.012,1736553599999,54734843.06036,162453,143156.483,26908474.04339,0
2025-01-11 00:00:00,187.69,188.79,185.61,186.37,322477.373,1736567999999,60318240.92782,178657,153568.352,28713165.25587,0
2025-01-11 04:00:00,186.37,187.2,185.04,186.24,305434.037,1736582399999,56806557.68099,128746,159287.278,29631827.44384,0
2025-01-11 08:00:00,186.24,186.88,184.01,186.69,712008.859,1736596799999,131892783.79817,203031,296042.852,54867558.00567,0
2025-01-11 12:00:00,186.69,188.25,185.87,186.95,320258.807,1736611199999,59889128.40652,141494,179743.537,33612519.09599,0
2025-01-11 16:00:00,186.96,187.99,185.66,187.75,207932.707,1736625599999,38847438.73283,128928,101833.047,19027384.11618,0
2025-01-11 20:00:00,187.74,191.91,187.49,188.09,336374.273,1736639999999,63779054.61464,156648,173635.284,32919636.16185,0
2025-01-12 00:00:00,188.09,188.6,186.54,187.31,207032.089,1736654399999,38812628.5912,124880,104005.136,19498942.31137,0
2025-01-12 04:00:00,187.31,187.5,185.6,186.57,180009.041,1736668799999,33594381.19669,84643,89588.057,16724149.183,0
2025-01-12 08:00:00,186.57,186.99,185.17,186.68,184152.342,1736683199999,34265213.49687,103122,103455.369,19250445.38352,0
2025-01-12 12:00:00,186.68,191.0,186.17,190.45,302015.114,1736697599999,56972805.50934,152432,160763.079,30327463.52615,0
2025-01-12 16:00:00,190.45,190.76,188.63,188.9,244077.756,1736711999999,46296955.90356,132372,115050.858,21829081.46895,0
2025-01-12 20:00:00,188.9,189.98,186.59,188.51,213630.793,1736726399999,40167420.88793,125874,104726.08,19693296.75707,0
2025-01-13 00:00:00,188.5,191.99,184.21,185.03,562485.334,1736740799999,105690808.88421,327157,282477.487,53123709.8113,0
2025-01-13 04:00:00,185.02,186.98,181.5,182.46,495409.913,1736755199999,91017384.55912,273812,239651.675,44047712.85295,0
2025-01-13 08:00:00,182.46,182.53,175.23,175.41,1194661.187,1736769599999,213802142.27768,420703,561244.805,100499134.74326,0
2025-01-13 12:00:00,175.41,180.34,168.88,178.8,2001562.696,1736783999999,351727302.75893,719563,927038.033,163056279.07259,0
2025-01-13 16:00:00,178.81,179.81,174.45,177.6,769065.433,1736798399999,136163689.29284,493761,346405.555,61328474.12772,0
2025-01-13 20:00:00,177.6,183.81,176.61,182.87,646741.05,1736812799999,117250561.80053,312523,335372.62,60817609.90357,0
2025-01-14 00:00:00,182.86,184.63,181.88,184.19,484091.845,1736827199999,88656699.79049,210474,241527.721,44243104.27175,0
2025-01-14 04:00:00,184.2,186.91,184.2,185.61,368483.769,1736841599999,68404123.14045,138863,168221.838,31229605.16069,0
2025-01-14 08:00:00,185.61,190.09,185.6,187.06,551061.885,1736855999999,103591345.36097,273362,267579.628,50322123.86032,0
2025-01-14 12:00:00,187.05,190.11,184.69,186.85,674968.359,1736870399999,126489704.24875,369280,318038.522,59636415.18707,0
2025-01-14 16:00:00,186.85,187.91,185.72,187.08,427393.873,1736884799999,79775851.37624,242034,233785.5,43647995.16868,0
2025-01-14 20:00:00,187.08,188.81,185.82,187.57,231355.333,1736899199999,43340865.79558,145833,120091.954,22497317.73445,0
2025-01-15 00:00:00,187.57,189.74,187.03,189.73,358905.827,1736913599999,67489394.82918,232339,179700.091,33794873.51413,0
2025-01-15 04:00:00,189.73,190.77,188.35,190.0,285611.254,1736927999999,54135968.57616,154579,149442.994,28331017.42539,0
2025-01-15 08:00:00,189.99,190.7,185.84,186.98,406200.026,1736942399999,76329801.52879,200964,187347.752,35213006.00324,0
2025-01-15 12:00:00,186.98,198.03,185.99,196.52,1295869.18,1736956799999,250968550.27227,627786,673773.063,130472618.22826,0
2025-01-15 16:00:00,196.52,202.35,196.43,201.9,705589.874,1736971199999,140596518.1553,311191,387524.527,77226702.96435,0
2025-01-15 20:00:00,201.9,206.04,201.89,205.86,716434.419,1736985599999,145944811.46734,298772,391714.394,79790336.88356,0
2025-01-16 00:00:00,205.86,206.29,201.36,201.99,523044.45,1736999999999,106506055.80451,291596,248811.524,50661343.88851,0
2025-01-16 04:00:00,201.98,203.5,201.46,203.14,253830.604,1737014399999,51405738.82383,124446,121296.177,24571715.75721,0
2025-01-16 08:00:00,203.15,212.98,198.47,212.78,1076998.371,1737028799999,220629627.90326,520461,606150.661,124410286.3419,0
2025-01-16 12:00:00,212.77,217.14,205.36,209.07,2243710.689,1737043199999,474459679.21794,1040678,1158198.176,245184892.68055,0
2025-01-16 16:00:00,209.07,215.44,208.83,214.19,1137533.386,1737057599999,242597711.12693,508600,640081.206,136554413.46798,0
2025-01-16 20:00:00,214.2,214.54,208.53,211.14,475138.157,1737071999999,100538746.95762,276946,233849.174,49496644.87112,0
2025-01-17 00:00:00,211.15,215.35,209.84,211.1,593063.203,1737086399999,126230339.88213,322678,285670.415,60827458.72082,0
2025-01-17 04:00:00,211.1,213.83,210.94,213.27,420155.717,1737100799999,89374049.60594,192011,229111.805,48735674.71965,0
2025-01-17 08:00:00,213.27,219.7,213.22,218.77,841428.75,1737115199999,182267924.92979,394138,452720.437,98083390.31254,0
2025-01-17 12:00:00,218.77,222.11,216.39,218.6,1242379.461,1737129599999,272985675.21585,644614,600713.126,132009987.38397,0
2025-01-17 16:00:00,218.6,221.93,215.66,217.16,643975.957,1737143999999,140705663.06242,321990,313641.28,68496674.28729,0
2025-01-17 20:00:00,217.17,221.22,216.46,219.51,643469.75,1737158399999,140962618.60449,311232,323577.324,70889523.02533,0
2025-01-18 00:00:00,219.52,228.8,217.29,220.47,1777777.778,1737172799999,396679624.12332,755130,992916.529,221443579.50837,0
2025-01-18 04:00:00,220.47,238.15,219.85,232.89,4459351.333,1737187199999,1028311473.11235,1955737,2311662.223,532702139.06021,0
2025-01-18 08:00:00,232.89,245.0,230.75,238.95,3331213.692,1737201599999,798362395.10963,1622768,1706156.425,409132031.63074,0
2025-01-18 12:00:00,238.95,260.0,238.91,257.75,3192526.156,1737215999999,786913433.5769,1416024,1705423.993,420600802.56302,0
2025-01-18 16:00:00,257.75,270.67,242.51,255.35,5468270.001,1737230399999,1394199570.51542,2898631,2804348.38,715442664.48295,0
2025-01-18 20:00:00,255.35,264.68,247.22,261.97,1742842.62,1737244799999,445013994.21436,1063892,908279.109,231993761.11551,0
2025-01-19 00:00:00,261.97,265.0,252.08,255.6,1702621.169,1737259199999,438535083.32197,1243768,845288.915,217818834.65987,0
2025-01-19 04:00:00,255.6,277.99,254.17,271.53,4419693.792,1737273599999,1192848810.66238,3022738,2367919.418,638965644.8228,0
2025-01-19 08:00:00,271.52,295.83,266.28,286.24,6221741.09,1737287999999,1742985005.28358,3900893,3236861.986,907692085.60601,0
2025-01-19 12:00:00,286.23,289.72,262.95,270.58,4324670.285,1737302399999,1196081219.94236,3093889,2047939.109,566589941.82281,0
2025-01-19 16:00:00,270.58,275.41,264.04,269.5,1583882.291,1737316799999,427323953.21937,1182044,773395.122,208784477.19556,0
2025-01-19 20:00:00,269.5,278.43,236.68,252.42,6799058.973,1737331199999,1736184559.55165,4285584,3282565.928,837822864.54022,0
2025-01-20 00:00:00,252.4,252.76,229.44,241.38,4943604.559,1737345599999,1196293561.3197,3776006,2552169.945,617655296.22353,0
2025-01-20 04:00:00,241.38,264.3,239.0,261.9,3270310.516,1737359999999,825165728.48918,2436037,1722716.065,434271968.8573,0
2025-01-20 08:00:00,261.91,273.29,256.64,260.6,2305897.425,1737374399999,608950634.31458,1810574,1125771.308,297346585.1858,0
2025-01-20 12:00:00,260.6,261.74,249.91,254.06,1997796.985,1737388799999,509761174.84348,1960707,951098.982,242771341.49327,0
2025-01-20 16:00:00,254.07,256.77,232.07,246.26,3268470.713,1737403199999,805849899.26783,2520078,1549474.533,382137576.21997,0
2025-01-20 20:00:00,246.27,250.99,241.51,242.19,1093495.363,1737417599999,269720224.73686,908442,514489.991,126898999.09266,0
2025-01-21 00:00:00,242.18,245.21,232.1,237.86,1804666.693,1737431999999,428386971.79522,1735139,840899.732,199643687.07374,0
2025-01-21 04:00:00,237.87,239.15,230.0,236.84,1311050.383,1737446399999,308311989.36755,973023,623229.06,146659965.28226,0
2025-01-21 08:00:00,236.83,242.15,235.59,239.44,1166623.965,1737460799999,278626040.23955,962337,589059.691,140671864.20395,0
2025-01-21 12:00:00,239.44,244.84,235.77,240.92,1246259.894,1737475199999,299631820.44093,1033860,600635.826,144477977.70202,0
2025-01-21 16:00:00,240.92,260.06,239.79,253.41,1506736.697,1737489599999,378597264.13393,925257,752074.636,188879815.92646,0
2025-01-21 20:00:00,253.41,255.99,246.69,250.33,847399.625,1737503999999,213512290.80058,551893,407686.925,102714238.94811,0
2025-01-22 00:00:00,250.33,256.97,248.43,254.11,727096.055,1737518399999,183744142.62949,504279,388281.184,98171720.86116,0
2025-01-22 04:00:00,254.11,259.78,252.4,258.51,786417.302,1737532799999,201401166.49582,526446,371715.4,95267673.21771,0
2025-01-22 08:00:00,258.51,258.94,252.22,257.76,613638.275,1737547199999,156541477.80526,508431,309009.792,78836739.19577,0
2025-01-22 12:00:00,257.75,264.98,254.48,257.3,1468496.895,1737561599999,381013408.90904,1200076,765601.435,198820354.18049,0
2025-01-22 16:00:00,257.31,266.31,253.22,265.29,1123495.792,1737575999999,290895075.54367,929229,525243.557,136279222.6033,0
2025-01-22 20:00:00,265.29,272.03,255.64,257.36,1504283.297,1737590399999,398867255.29541,1122760,743980.24,197496595.42493,0
2025-01-23 00:00:00,257.37,258.48,246.38,248.85,1002455.204,1737604799999,252083314.59555,668534,485604.21,122114857.71146,0
2025-01-23 04:00:00,248.84,250.71,245.02,249.53,663669.155,1737619199999,164814760.90316,484928,348044.232,86479652.35383,0
2025-01-23 08:00:00,249.52,249.92,242.33,244.19,654669.237,1737633599999,160930558.24645,556389,319710.1,78618706.06132,0
2025-01-23 12:00:00,244.19,254.76,242.19,249.39,1651199.113,1737647999999,409825689.73054,1355021,849977.411,211008484.01707,0
2025-01-23 16:00:00,249.4,256.32,245.27,246.84,985709.887,1737662399999,247803562.52386,948928,449692.053,113097861.18233,0
2025-01-23 20:00:00,246.84,258.38,243.62,253.11,1845060.127,1737676799999,462871374.28026,1521565,901239.429,226088959.25394,0
2025-01-24 00:00:00,253.12,256.46,247.18,252.23,823363.858,1737691199999,207112538.18151,815262,416398.28,104740574.11854,0
2025-01-24 04:00:00,252.23,264.44,250.6,259.7,1099152.265,1737705599999,285318899.55471,864836,585139.297,151855886.74773,0
2025-01-24 08:00:00,259.7,267.34,259.68,266.82,894766.51,1737719999999,236517110.03565,643872,501774.844,132622422.66564,0
2025-01-24 12:00:00,266.83,270.18,260.84,262.28,1028557.948,1737734399999,273662939.0713,867630,503462.039,134078072.33524,0
2025-01-24 16:00:00,262.28,265.49,260.45,262.06,516069.254,1737748799999,135808022.86754,558299,252275.253,66399645.56819,0
2025-01-24 20:00:00,262.06,262.39,252.74,253.37,852384.734,1737763199999,219517637.36695,652393,400786.001,103215690.35993,0
2025-01-25 00:00:00,253.36,253.71,248.08,252.74,779460.056,1737777599999,195437795.63478,513521,394725.256,98955233.59912,0
2025-01-25 04:00:00,252.73,252.74,246.49,247.28,654188.153,1737791999999,162612708.83244,452531,327304.297,81362155.49553,0
2025-01-25 08:00:00,247.27,250.78,246.33,249.97,558270.81,1737806399999,138733762.49064,416199,255565.023,63530051.76708,0
2025-01-25 12:00:00,249.97,254.7,248.25,253.68,540860.567,1737820799999,135834732.9156,418430,287108.867,72131012.88033,0
2025-01-25 16:00:00,253.68,260.78,253.08,258.5,770950.307,1737835199999,198106298.70262,593183,374118.012,96152828.53924,0
2025-01-25 20:00:00,258.49,259.75,255.59,256.41,400259.408,1737849599999,103326719.64295,373628,186340.796,48110535.33461,0
2025-01-26 00:00:00,256.4,259.96,253.58,258.42,495989.214,1737863999999,127160630.20053,390163,259744.957,66593774.77335,0
2025-01-26 04:00:00,258.43,260.16,257.36,258.95,329320.155,1737878399999,85207452.22756,290258,174106.772,45054919.09787,0
2025-01-26 08:00:00,258.95,258.95,252.79,255.59,398760.583,1737892799999,101766442.90757,337819,195319.254,49847319.37212,0
2025-01-26 12:00:00,255.58,257.55,253.32,254.58,410981.141,1737907199999,104932077.23808,392806,198742.651,50746341.14251,0
2025-01-26 16:00:00,254.59,258.0,253.83,256.28,292138.02,1737921599999,74826440.39976,253602,144252.014,36943988.7651,0
2025-01-26 20:00:00,256.29,256.63,240.32,240.5,1100826.411,1737935999999,272595847.41149,675150,506520.407,125329353.48573,0
2025-01-27 00:00:00,240.49,242.68,232.88,235.8,1695886.273,1737950399999,401869917.17435,1266843,830729.345,196843611.42648,0
2025-01-27 04:00:00,235.81,235.81,221.71,227.53,1931884.113,1737964799999,441486527.8946,1334027,917410.621,209551626.43496,0
2025-01-27 08:00:00,227.52,227.99,220.89,225.85,1123592.728,1737979199999,252997920.01793,891488,575906.191,129708156.78913,0
2025-01-27 12:00:00,225.84,237.67,223.71,233.66,1670740.655,1737993599999,388763137.90929,1522613,858942.567,199757159.38595,0
2025-01-27 16:00:00,233.67,235.9,223.92,226.53,1799482.605,1738007999999,410467924.01722,1047154,776221.211,177151507.13759,0
2025-01-27 20:00:00,226.54,237.9,226.48,234.89,695034.468,1738022399999,162441529.4306,637782,348643.582,81442422.98625,0
2025-01-28 00:00:00,234.9,237.8,233.06,236.69,493190.108,1738036799999,116236134.0877,482000,252495.783,59534931.72996,0
2025-01-28 04:00:00,236.68,244.0,236.66,238.74,703484.208,1738051199999,169253918.20454,507944,352897.111,84879580.64892,0
2025-01-28 08:00:00,238.74,239.72,235.32,238.25,396489.689,1738065599999,94330273.14038,366994,210978.046,50210877.4763,0
2025-01-28 12:00:00,238.25,240.23,233.75,237.49,645380.633,1738079999999,152953138.39785,742084,320134.724,75897178.32217,0
2025-01-28 16:00:00,237.49,237.78,230.3,232.19,574850.598,1738094399999,134444365.65912,672363,276639.701,64715397.97557,0
2025-01-28 20:00:00,232.2,232.6,225.01,227.06,670054.851,1738108799999,152466724.57461,511587,324907.553,73893252.39064,0
2025-01-29 00:00:00,227.06,232.0,226.79,231.2,344250.45,1738123199999,79048856.98802,380209,169910.833,39013038.06396,0
2025-01-29 04:00:00,231.2,234.78,229.83,234.41,301325.233,1738137599999,69960929.47967,277051,163430.096,37961906.67282,0
2025-01-29 08:00:00,234.42,235.9,230.14,231.99,299006.613,1738151999999,69549170.28094,314404,139626.117,32483083.04852,0
2025-01-29 12:00:00,231.98,232.03,226.0,228.4,604067.515,1738166399999,137855195.49112,523599,277142.422,63221194.8146,0
2025-01-29 16:00:00,228.41,236.12,222.63,231.68,1359642.651,1738180799999,311915136.61629,1034174,659988.545,151434077.20875,0
2025-01-29 20:00:00,231.68,238.49,227.61,228.16,935901.376,1738195199999,218650604.28133,979633,458044.87,107030284.17387,0
2025-01-30 00:00:00,228.16,241.01,226.84,240.24,733229.267,1738209599999,171971315.88218,571619,398426.433,93447648.00452,0
2025-01-30 04:00:00,240.25,242.13,237.2,238.9,648069.727,1738223999999,155654025.91677,383436,317514.1,76279561.82429,0
2025-01-30 08:00:00,238.9,241.94,238.01,241.77,383272.852,1738238399999,92135944.633,273877,207611.686,49929440.94716,0
2025-01-30 12:00:00,241.77,244.7,239.11,241.09,712173.922,1738252799999,172041112.0081,567380,353149.258,85316711.74207,0
2025-01-30 16:00:00,241.08,243.42,238.72,241.13,486005.19,1738267199999,117090688.85447,405761,247157.256,59559618.37963,0
2025-01-30 20:00:00,241.14,242.2,238.3,238.31,378515.015,1738281599999,90873656.40878,266809,179892.399,43177898.97597,0
2025-01-31 00:00:00,238.3,239.19,235.13,235.95,417851.749,1738295999999,99099203.4911,295261,202848.011,48129453.9348,0
2025-01-31 04:00:00,235.95,238.41,234.92,235.73,240051.315,1738310399999,56843274.10627,191013,122151.017,28933673.35188,0
2025-01-31 08:00:00,235.73,239.05,234.19,238.76,465802.41,1738324799999,109974754.85814,257227,205314.095,48533072.55094,0
2025-01-31 12:00:00,238.77,241.82,236.05,240.09,703507.609,1738339199999,168421797.86906,505120,355659.474,85129808.41568,0
2025-01-31 16:00:00,240.1,240.18,230.17,230.52,711126.27,1738353599999,166895852.51588,537751,348691.478,81896127.79079,0
2025-01-31 20:00:00,230.51,231.86,228.24,231.77,403826.214,1738367999999,92836807.80698,296463,192805.843,44337588.84754,0
2025-02-01 00:00:00,231.77,236.46,230.61,231.46,449454.296,1738382399999,104525028.00245,303318,248891.526,57904896.548,0
2025-02-01 04:00:00,231.47,233.08,230.0,230.68,177240.936,1738396799999,41040835.35308,168679,79298.724,18360864.85923,0
2025-02-01 08:00:00,230.67,230.93,226.29,228.11,417385.941,1738411199999,95214841.57238,287899,207431.378,47283265.93239,0
2025-02-01 12:00:00,228.1,229.53,224.83,226.38,481443.38,1738425599999,109355996.6174,318000,228677.754,51975535.72709,0
2025-02-01 16:00:00,226.38,227.66,220.86,221.75,383407.867,1738439999999,86104622.96087,359425,166300.845,37374799.19343,0
2025-02-01 20:00:00,221.76,221.76,212.74,213.03,940816.23,1738454399999,203943144.47875,535344,432062.895,93612262.03795,0
2025-02-02 00:00:00,213.03,218.9,206.83,207.11,981358.929,1738468799999,209144570.74814,527774,478299.009,101946032.13604,0
2025-02-02 04:00:00,207.11,214.08,206.74,211.78,762187.957,1738483199999,160799178.92166,394679,398142.359,83983482.10547,0
2025-02-02 08:00:00,211.77,215.79,207.71,208.68,632307.734,1738497599999,134114030.30533,438669,304529.9,64647737.34894,0
2025-02-02 12:00:00,208.67,214.19,208.24,212.07,625738.954,1738511999999,132201835.49095,562966,324396.471,68571466.3722,0
2025-02-02 16:00:00,212.06,212.13,195.0,203.54,2317261.692,1738526399999,469595652.82478,1903673,1049572.449,212629653.4434,0
2025-02-02 20:00:00,203.53,206.78,192.31,203.51,1936645.067,1738540799999,390488557.44952,1479855,791790.151,159771555.4408,0
2025-02-03 00:00:00,203.52,203.89,175.89,197.92,5016897.629,1738555199999,956909604.25415,3836727,2354106.506,449321250.59542,0
2025-02-03 04:00:00,197.92,199.97,189.27,199.09,1445560.263,1738569599999,281805386.56544,1449806,735152.887,143483652.32018,0
2025-02-03 08:00:00,199.09,202.15,193.38,198.74,1367106.371,1738583999999,270395538.86477,1044301,699553.407,138439017.41984,0
2025-02-03 12:00:00,198.74,210.0,189.9,207.02,2581912.425,1738598399999,516183543.18438,1798736,1262454.423,252912177.29236,0
2025-02-03 16:00:00,207.01,215.27,203.61,215.2,1317827.5,1738612799999,275468892.59481,1150830,644166.805,134570181.24707,0
2025-02-03 20:00:00,215.19,218.7,209.89,216.28,1107666.077,1738627199999,237559137.57389,836476,543733.539,116670284.97596,0
2025-02-04 00:00:00,216.27,219.97,213.89,215.48,652129.033,1738641599999,141396041.92493,524212,317446.403,68845052.0739,0
2025-02-04 04:00:00,215.48,216.08,201.87,204.23,1393539.966,1738655999999,288532211.84827,949896,656208.753,135909541.62875,0
2025-02-04 08:00:00,204.22,210.8,202.43,207.67,751118.204,1738670399999,154942198.43093,548066,375879.04,77556376.2942,0
2025-02-04 12:00:00,207.67,216.74,207.67,215.65,1074095.205,1738684799999,228326034.57172,918434,560771.119,119200799.017,0
2025-02-04 16:00:00,215.65,218.35,208.27,208.29,991416.188,1738699199999,212795042.9547,751711,486414.854,104464333.39593,0
2025-02-04 20:00:00,208.29,210.49,202.52,206.64,1161895.791,1738713599999,239065015.73447,1119502,552035.274,113621158.72535,0
2025-02-05 00:00:00,206.64,209.39,205.11,207.38,483143.034,1738727999999,100049768.59671,487008,229081.682,47460535.74406,0
2025-02-05 04:00:00,207.38,208.32,203.54,205.07,404922.448,1738742399999,83121995.00032,367297,203220.344,41726349.45976,0
2025-02-05 08:00:00,205.06,206.94,202.92,206.33,377347.799,1738756799999,77338715.14512,319080,200155.309,41029611.39743,0
2025-02-05 12:00:00,206.32,207.62,201.42,201.77,569999.384,1738771199999,116833476.10702,526258,278135.171,57045940.42943,0
2025-02-05 16:00:00,201.76,202.12,196.42,199.56,899147.828,1738785599999,178949929.52236,750855,412158.859,82033786.52299,0
2025-02-05 20:00:00,199.56,200.67,195.14,196.12,420241.544,1738799999999,83130801.30339,401190,217369.644,43042294.82656,0
2025-02-06 00:00:00,196.12,201.27,195.93,200.71,353973.639,1738814399999,70406610.63202,372644,189887.399,37786688.03523,0
2025-02-06 04:00:00,200.71,203.98,200.27,202.0,624228.001,1738828799999,126469586.75592,271744,328436.272,66533481.49388,0
2025-02-06 08:00:00,202.0,202.93,198.66,200.26,309073.484,1738843199999,62235855.18653,295268,148419.717,29890793.04577,0
2025-02-06 12:00:00,200.27,200.65,190.52,191.23,751294.293,1738857599999,147174157.1509,672135,312282.918,61257368.34187,0
2025-02-06 16:00:00,191.23,192.95,188.36,189.9,790564.327,1738871999999,150545082.17482,634353,384160.867,73171021.032,0
2025-02-06 20:00:00,189.91,194.66,187.39,189.54,615633.403,1738886399999,117579935.32226,462403,300087.179,57355522.42812,0
2025-02-07 00:00:00,189.53,195.87,189.18,193.31,654145.617,1738900799999,125982095.35492,485559,338498.648,65199970.01602,0
2025-02-07 04:00:00,193.3,195.36,189.02,192.54,418918.367,1738915199999,80571228.70925,350524,192177.826,36980653.89255,0
2025-02-07 08:00:00,192.54,198.66,191.69,198.47,465203.274,1738929599999,91203369.60865,332702,255181.678,50031612.92843,0
2025-02-07 12:00:00,198.47,203.42,195.84,198.07,1340794.299,1738943999999,267302918.02095,886960,681025.264,135733467.291,0
2025-02-07 16:00:00,198.08,199.15,194.62,195.44,534240.034,1738958399999,105174454.15489,527404,264803.225,52153170.3052,0
2025-02-07 20:00:00,195.44,195.64,188.12,191.99,512295.182,1738972799999,97759657.97693,456424,242342.694,46235193.12277,0
2025-02-08 00:00:00,192.0,194.34,191.38,192.98,329062.388,1738987199999,63475956.9179,295096,166254.302,32082139.33483,0
2025-02-08 04:00:00,192.98,193.34,189.81,192.79,309755.504,1739001599999,59283200.58013,233349,155883.37,29838716.01851,0
2025-02-08 08:00:00,192.79,194.99,191.65,194.39,273834.177,1739015999999,52969819.40505,238596,131446.56,25432548.96137,0
2025-02-08 12:00:00,194.39,196.45,192.74,193.41,365749.78,1739030399999,71113544.09724,337450,159762.762,31075638.05956,0
2025-02-08 16:00:00,193.42,198.4,193.2,196.9,407289.949,1739044799999,79749388.74591,338910,196119.814,38421151.81144,0
2025-02-08 20:00:00,196.89,200.88,196.74,199.32,281904.954,1739059199999,56025714.69058,213527,159691.349,31749628.58661,0
2025-02-09 00:00:00,199.32,207.0,198.52,206.95,503666.491,1739073599999,101891541.75934,369508,270271.498,54677054.55403,0
2025-02-09 04:00:00,206.95,207.37,203.8,203.96,447511.437,1739087999999,91848365.65586,320050,202167.586,41508285.72312,0
2025-02-09 08:00:00,203.96,204.58,201.22,201.44,395010.634,1739102399999,80008870.28437,221750,184764.725,37418371.41432,0
2025-02-09 12:00:00,201.44,203.05,196.44,200.7,586084.557,1739116799999,117016671.48333,397794,287606.058,57450703.74829,0
2025-02-09 16:00:00,200.7,202.24,197.81,199.08,269886.794,1739131199999,54125522.52327,273561,134473.218,26973157.03136,0
2025-02-09 20:00:00,199.07,203.0,193.53,200.47,676978.547,1739145599999,133433841.39045,519245,348376.283,68728782.0619,0
2025-02-10 00:00:00,200.47,205.1,195.85,201.97,950196.099,1739159999999,190593220.5682,732857,507347.981,101839588.06983,0
2025-02-10 04:00:00,201.97,204.6,199.95,202.77,686800.0,1739174399999,139068883.58578,395936,382404.952,77426091.52498,0
2025-02-10 08:00:00,202.77,205.97,202.56,204.5,598303.096,1739188799999,122353039.20992,368298,296755.252,60709271.32523,0
2025-02-10 12:00:00,204.5,209.05,201.48,203.07,938392.157,1739203199999,192601120.79425,622018,445124.559,91322244.50582,0
2025-02-10 16:00:00,203.07,204.41,201.03,201.37,504649.566,1739217599999,102480631.76013,303285,277370.642,56354048.02358,0
2025-02-10 20:00:00,201.36,203.0,199.27,200.47,362499.63,1739231999999,72824309.09545,215362,180479.226,36259832.15638,0
2025-02-11 00:00:00,200.47,204.66,199.94,201.11,738179.626,1739246399999,149206830.23277,343617,407105.882,82271423.58857,0
2025-02-11 04:00:00,201.11,206.18,201.04,204.39,977810.063,1739260799999,199502809.95473,387761,495487.972,101091694.76738,0
2025-02-11 08:00:00,204.39,205.95,201.2,203.4,683735.412,1739275199999,139253956.39153,348837,326756.936,66549215.09321,0
2025-02-11 12:00:00,203.39,203.4,197.8,199.47,729499.57,1739289599999,145971524.81133,506187,307291.459,61490341.51203,0
2025-02-11 16:00:00,199.47,200.12,195.12,195.65,410134.514,1739303999999,80977298.90485,394740,171370.005,33854589.30788,0
2025-02-11 20:00:00,195.65,199.49,195.52,197.96,390879.15,1739318399999,77270313.40235,308393,212186.295,41929170.41744,0
2025-02-12 00:00:00,197.95,198.56,193.85,194.33,354024.061,1739332799999,69458313.9053,328605,163463.236,32087525.16853,0
2025-02-12 04:00:00,194.33,196.24,193.13,195.19,301343.646,1739347199999,58692035.43573,296895,145347.753,28318770.84662,0
2025-02-12 08:00:00,195.2,198.01,195.09,197.37,278926.39,1739361599999,54787301.7171,253934,138590.276,27227138.25549,0
2025-02-12 12:00:00,197.36,198.55,188.48,192.0,1549087.937,1739375999999,297751697.10273,983442,761593.037,146390618.4869,0
2025-02-12 16:00:00,192.01,196.66,189.34,193.7,880298.936,1739390399999,170469014.59583,584685,401882.462,77819587.77962,0
2025-02-12 20:00:00,193.71,198.48,193.02,196.78,534852.351,1739404799999,104917674.9306,360364,252870.28,49608191.33145,0
2025-02-13 00:00:00,196.78,198.19,194.96,198.19,382446.094,1739419199999,75202225.01608,293829,198610.454,39074925.48094,0
2025-02-13 04:00:00,198.19,198.47,192.75,193.07,331597.03,1739433599999,64655012.37741,299254,139976.816,27304733.16734,0
2025-02-13 08:00:00,193.07,193.52,191.1,191.91,349096.993,1739447999999,67228894.90476,281488,146647.246,28249399.49708,0
2025-02-13 12:00:00,191.91,193.12,188.78,191.94,678383.089,1739462399999,129527643.45974,519051,314687.235,60104223.23809,0
2025-02-13 16:00:00,191.93,194.6,190.02,192.68,426547.364,1739476799999,81843771.50493,367647,214821.853,41203215.72125,0
2025-02-13 20:00:00,192.68,195.45,192.57,194.25,259701.306,1739491199999,50517529.90912,188807,124641.17,24245609.69043,0
2025-02-14 00:00:00,194.24,197.35,194.11,197.0,285494.125,1739505599999,55889399.58812,205725,159846.631,31296030.62266,0
2025-02-14 04:00:00,197.0,197.37,194.72,196.59,218751.651,1739519999999,42870468.57274,154135,96897.622,18987394.51417,0
2025-02-14 08:00:00,196.59,201.4,196.35,199.59,733906.766,1739534399999,146270694.4099,330864,385841.474,76920151.90211,0
2025-02-14 12:00:00,199.59,202.12,196.45,200.86,689105.007,1739548799999,137062939.57508,442907,340516.321,67722792.19982,0
2025-02-14 16:00:00,200.85,205.34,198.84,201.56,932944.276,1739563199999,189260159.26336,505692,462438.592,93805208.48848,0
2025-02-14 20:00:00,201.56,202.24,198.09,199.39,867484.238,1739577599999,173639592.03124,408409,472398.677,94579630.09456,0
2025-02-15 00:00:00,199.4,200.27,196.76,198.36,414076.402,1739591999999,82200404.83955,260984,190932.872,37910799.36032,0
2025-02-15 04:00:00,198.36,198.87,195.25,195.9,218487.323,1739606399999,43013345.51234,180129,100532.654,19788883.97374,0
2025-02-15 08:00:00,195.9,196.74,193.89,194.85,390328.096,1739620799999,76111459.77406,239344,179916.7,35074580.45918,0
2025-02-15 12:00:00,194.85,196.06,193.26,194.66,286063.639,1739635199999,55694975.24633,245904,147441.451,28713542.8625,0
2025-02-15 16:00:00,194.66,195.1,193.32,194.17,158861.554,1739649599999,30880383.4896,170686,81028.542,15749875.51269,0
2025-02-15 20:00:00,194.18,195.03,192.61,194.48,165483.385,1739663999999,32079709.97378,134294,78318.978,15187365.97271,0
2025-02-16 00:00:00,194.47,195.51,193.05,194.73,235252.677,1739678399999,45712123.51467,158565,125816.945,24445008.72415,0
2025-02-16 04:00:00,194.72,196.24,192.34,192.89,215253.651,1739692799999,41804132.11647,154314,94500.139,18371261.24017,0
2025-02-16 08:00:00,192.9,194.0,192.21,193.73,165937.55,1739707199999,32064588.99271,151095,77859.57,15043847.90062,0
2025-02-16 12:00:00,193.72,193.78,189.23,190.32,597166.256,1739721599999,113886411.03976,279237,242609.457,46270148.70104,0
2025-02-16 16:00:00,190.32,191.27,187.64,189.23,472254.804,1739735999999,89361123.17569,267169,208228.164,39428685.4489,0
2025-02-16 20:00:00,189.22,189.92,186.3,188.27,323515.924,1739750399999,60876468.83309,261606,161701.744,30443549.79137,0
2025-02-17 00:00:00,188.26,189.72,185.28,186.34,308179.291,1739764799999,57897127.63392,223989,129159.07,24292314.40431,0
2025-02-17 04:00:00,186.33,186.49,180.77,181.35,907107.253,1739779199999,166127399.17862,517380,416827.917,76327495.82826,0
2025-02-17 08:00:00,181.36,185.5,180.12,184.25,666016.011,1739793599999,122215088.88522,340497,278685.288,51168845.52365,0
2025-02-17 12:00:00,184.25,186.94,179.84,180.36,811889.169,1739807999999,149008577.66108,415470,363563.505,66893786.3386,0
2025-02-17 16:00:00,180.37,181.41,174.63,177.09,1137362.38,1739822399999,202108449.313,585744,521968.763,92773793.91793,0
2025-02-17 20:00:00,177.1,181.3,177.01,177.53,457019.626,1739836799999,81914547.9104,252929,227435.734,40767929.21929,0
2025-02-18 00:00:00,177.53,179.09,175.46,177.98,424751.039,1739851199999,75397927.11475,317505,207465.868,36842004.86133,0
2025-02-18 04:00:00,177.98,178.01,163.93,165.72,1970470.559,1739865599999,332957282.39645,1023757,851594.868,143828301.15805,0
2025-02-18 08:00:00,165.73,170.92,163.17,168.72,1242682.479,1739879999999,207809592.77651,653945,676175.159,113099423.75183,0
2025-02-18 12:00:00,168.71,171.5,164.34,165.95,885722.243,1739894399999,148959923.75885,645461,438904.942,73874836.43739,0
2025-02-18 16:00:00,165.95,167.11,160.88,165.31,1151366.322,1739908799999,188640345.37949,739787,555513.12,91052052.85537,0
2025-02-18 20:00:00,165.31,169.78,163.93,169.32,644193.524,1739923199999,107753477.2639,369680,359887.548,60213826.90262,0
2025-02-19 00:00:00,169.32,170.86,166.66,167.48,554842.05,1739937599999,93719055.2104,345742,235593.249,39791528.39319,0
2025-02-19 04:00:00,167.48,169.84,163.75,168.95,584091.102,1739951999999,97533437.70031,322673,296159.225,49524248.44709,0
2025-02-19 08:00:00,168.96,174.3,168.42,173.92,651909.877,1739966399999,111766699.17323,368579,372781.754,63934857.68333,0
2025-02-19 12:00:00,173.92,174.13,168.14,169.74,669116.553,1739980799999,114515795.26457,462643,284465.302,48697390.36975,0
2025-02-19 16:00:00,169.74,173.44,168.15,168.7,517873.5,1739995199999,88352855.80972,393864,250130.718,42692170.62504,0
2025-02-19 20:00:00,168.7,169.96,166.41,168.93,500486.18,1740009599999,84224609.66135,291599,279817.942,47113169.27835,0
2025-02-20 00:00:00,168.94,172.89,167.66,172.44,466976.708,1740023999999,79469944.45011,371779,233264.649,39717507.96034,0
2025-02-20 04:00:00,172.43,174.96,170.86,171.77,406781.526,1740038399999,70194322.86892,258367,189381.335,32704462.43032,0
2025-02-20 08:00:00,171.77,175.15,170.92,173.99,511460.338,1740052799999,88568240.85741,279574,269862.753,46735598.3759,0
2025-02-20 12:00:00,173.99,176.65,171.21,171.61,756247.577,1740067199999,131597843.56569,460681,331460.082,57684473.02166,0
2025-02-20 16:00:00,171.62,175.46,171.22,174.98,400408.092,1740081599999,69451949.52641,315630,211834.962,36736367.83968,0
2025-02-20 20:00:00,174.97,176.54,173.17,176.0,396879.094,1740095999999,69246533.55468,234766,222074.442,38725869.64746,0
2025-02-21 00:00:00,176.0,176.47,173.0,173.28,329030.9,1740110399999,57350634.21105,244747,163538.962,28511198.31468,0
2025-02-21 04:00:00,173.27,176.8,173.27,175.86,449693.289,1740124799999,78663446.53791,235763,224419.518,39247734.1354,0
2025-02-21 08:00:00,175.86,180.28,175.83,177.21,679578.443,1740139199999,121146690.61969,396147,374636.682,66798273.67416,0
2025-02-21 12:00:00,177.2,180.52,170.56,173.17,1089040.987,1740153599999,192025115.33369,709197,486174.557,85772061.8193,0
2025-02-21 16:00:00,173.16,175.66,168.18,168.42,1109214.476,1740167999999,190840729.3211,660704,478332.498,82330607.51965,0
2025-02-21 20:00:00,168.42,169.97,167.15,168.94,447124.762,1740182399999,75409545.63199,299894,243573.41,41079552.36588,0
2025-02-22 00:00:00,168.94,172.76,168.07,170.35,496900.538,1740196799999,84879962.32254,243042,242977.94,41492037.15964,0
2025-02-22 04:00:00,170.35,173.14,170.09,171.74,293626.835,1740211199999,50404650.75511,160246,167406.038,28748188.30433,0
2025-02-22 08:00:00,171.74,174.14,171.36,173.56,363880.981,1740225599999,62816399.87288,202482,156132.966,26960111.16822,0
2025-02-22 12:00:00,173.56,174.6,172.66,174.23,280181.574,1740239999999,48629311.34332,210295,122345.845,21238879.49431,0
2025-02-22 16:00:00,174.23,174.68,172.3,172.64,291277.226,1740254399999,50476251.33825,223781,142157.995,24637929.47585,0
2025-02-22 20:00:00,172.63,173.62,171.89,172.07,160946.303,1740268799999,27776742.75692,131173,87310.183,15069450.10806,0
2025-02-23 00:00:00,172.07,172.3,170.19,170.61,250405.798,1740283199999,42829721.46055,161975,118382.155,20248994.10528,0
2025-02-23 04:00:00,170.61,173.07,169.95,172.85,209356.917,1740297599999,35835050.19431,144479,109250.866,18710269.21378,0
2025-02-23 08:00:00,172.85,172.91,169.36,169.59,179421.505,1740311999999,30690094.45033,131557,72982.539,12484404.48016,0
2025-02-23 12:00:00,169.6,169.92,166.6,166.76,417303.443,1740326399999,70379097.06334,247534,165405.654,27921723.86232,0
2025-02-23 16:00:00,166.76,168.72,166.75,167.71,244872.649,1740340799999,41075839.82166,157544,128168.282,21501075.70076,0
2025-02-23 20:00:00,167.71,168.86,166.42,167.94,186950.447,1740355199999,31326515.56586,144457,103828.416,17400169.20098,0
2025-02-24 00:00:00,167.94,169.69,160.56,161.01,792175.34,1740369599999,129824212.76705,464136,378092.805,61987878.68682,0
2025-02-24 04:00:00,161.02,161.75,156.88,160.99,1060356.882,1740383999999,169199425.44359,475308,496180.875,79172573.79973,0
2025-02-24 08:00:00,160.99,161.1,155.38,159.28,888129.314,1740398399999,140233342.98211,463185,426407.994,67317844.8573,0
2025-02-24 12:00:00,159.27,160.41,150.65,152.66,1587066.29,1740412799999,245713537.80764,850448,706470.01,109323720.87512,0
2025-02-24 16:00:00,152.67,155.15,147.86,150.12,1176702.704,1740427199999,179253614.49386,655848,563897.699,85993920.3834,0
2025-02-24 20:00:00,150.13,152.68,138.0,141.81,2492807.385,1740441599999,362468512.53653,1201042,1144375.602,166690535.5615,0
2025-02-25 00:00:00,141.81,144.45,138.17,138.95,2532890.988,1740455999999,356685315.50704,1451018,1203326.228,169453516.91449,0
2025-02-25 04:00:00,138.95,142.08,133.0,136.25,3145641.456,1740470399999,432617306.80406,1686234,1531766.968,210796064.86475,0
2025-02-25 08:00:00,136.26,141.36,131.91,141.28,2158755.072,1740484799999,294927363.24249,1015275,1057559.037,144522117.34848,0
2025-02-25 12:00:00,141.27,141.83,134.53,138.89,1761698.336,1740499199999,243476070.80369,883760,862870.509,119328490.00144,0
2025-02-25 16:00:00,138.89,145.57,137.96,145.43,1393019.038,1740513599999,198027110.94453,742277,696504.975,99080516.57272,0
2025-02-25 20:00:00,145.42,147.09,143.26,144.33,755005.255,1740527999999,109377843.39851,409868,381694.008,55319593.70401,0
2025-02-26 00:00:00,144.33,145.19,141.63,143.32,600468.922,1740542399999,85997688.50462,278607,303966.506,43548742.47162,0
2025-02-26 04:00:00,143.33,144.7,139.63,140.19,513975.694,1740556799999,72957792.24188,293061,245793.773,34922278.88988,0
2025-02-26 08:00:00,140.19,142.21,138.01,138.14,564388.728,1740571199999,79088578.08229,318562,287471.453,40303963.43736,0
2025-02-26 12:00:00,138.13,140.47,134.61,139.27,1175474.246,1740585599999,161530496.62437,673074,565687.648,77775154.14622,0
2025-02-26 16:00:00,139.27,139.79,130.65,131.93,1496871.335,1740599999999,200199170.99055,837604,683704.383,91512019.40182,0
2025-02-26 20:00:00,131.94,137.87,130.89,135.32,1017222.134,1740614399999,137068472.79629,758330,508143.991,68467274.47508,0
2025-02-27 00:00:00,135.33,139.05,134.96,138.57,680370.163,1740628799999,93120976.67603,498082,356460.303,48807812.65585,0
2025-02-27 04:00:00,138.57,142.9,137.05,140.99,687189.917,1740643199999,96338235.70523,340846,378566.687,53096937.31616,0
2025-02-27 08:00:00,141.0,142.46,139.25,140.48,657310.865,1740657599999,92602960.17208,300373,328555.793,46310726.01489,0
2025-02-27 12:00:00,140.48,141.26,136.28,139.63,976643.516,1740671999999,135716845.94558,570561,494284.722,68713722.8225,0
2025-02-27 16:00:00,139.62,140.15,135.63,136.29,547309.735,1740686399999,75587339.42642,388240,272519.773,37638137.5165,0
2025-02-27 20:00:00,136.28,138.21,134.71,137.68,774166.263,1740700799999,105794167.61719,392409,413545.224,56514481.32203,0
2025-02-28 00:00:00,137.68,137.98,127.17,127.62,2182588.471,1740715199999,285386721.80305,1031983,975308.561,127447452.48364,0
2025-02-28 04:00:00,127.62,129.6,125.55,128.55,1674284.124,1740729599999,213388022.93711,871870,800088.322,102055574.02476,0
2025-02-28 08:00:00,128.54,134.72,127.9,133.52,1422048.273,1740743999999,187050669.84482,592132,683534.878,89829158.59171,0
2025-02-28 12:00:00,133.52,147.86,133.0,145.68,2970450.54,1740758399999,421559072.1852,1261804,1549005.477,219895513.3763,0
2025-02-28 16:00:00,145.67,147.25,143.74,146.36,1135023.251,1740772799999,165085418.22683,515994,544076.929,79181520.05264,0
2025-02-28 20:00:00,146.35,148.72,144.62,148.18,655565.954,1740787199999,96141919.73708,294170,319228.082,46861342.58285,0
2025-03-01 00:00:00,148.18,151.25,145.54,145.67,1276966.738,1740801599999,189458457.57303,447665,616826.549,91548901.88316,0
2025-03-01 04:00:00,145.68,147.16,142.2,142.49,709308.762,1740815999999,102592216.96821,257216,351277.975,50810409.60487,0
2025-03-01 08:00:00,142.49,144.29,139.53,140.35,700454.6,1740830399999,99497431.02406,264862,353239.698,50226722.73612,0
2025-03-01 12:00:00,140.35,141.72,138.57,140.39,550358.172,1740844799999,77093914.64255,267270,273621.194,38341298.53677,0
2025-03-01 16:00:00,140.39,141.51,138.7,140.53,453811.068,1740859199999,63619388.82505,202169,216087.493,30305183.72243,0
2025-03-01 20:00:00,140.53,143.82,139.9,143.66,460956.418,1740873599999,65462174.46889,219592,244743.048,34767130.99341,0
2025-03-02 00:00:00,143.66,146.01,142.03,143.85,564432.115,1740887999999,81414012.80922,297707,244249.457,35269818.21342,0
2025-03-02 04:00:00,143.86,145.17,142.23,143.79,308611.126,1740902399999,44338203.2563,197610,140860.992,20246979.33037,0
2025-03-02 08:00:00,143.78,144.88,142.47,143.49,353233.66,1740916799999,50737285.90007,217263,192433.399,27646937.53256,0
2025-03-02 12:00:00,143.5,163.39,140.04,157.46,3502102.972,1740931199999,539416958.18022,1460079,1759242.893,270955125.28391,0
2025-03-02 16:00:00,157.47,179.85,157.47,172.18,7038818.526,1740945599999,1195557135.29187,3359341,3728538.42,633071327.57294,0
2025-03-02 20:00:00,172.17,179.32,171.66,178.71,1707441.447,1740959999999,300589122.03877,958443,936301.035,164937489.76385,0
2025-03-03 00:00:00,178.72,179.47,168.11,169.88,1580531.725,1740974399999,273078359.12418,812834,750872.591,129764733.8352,0
2025-03-03 04:00:00,169.89,170.57,159.8,162.26,1458640.834,1740988799999,239625305.38099,654767,658181.786,108101161.58371,0
2025-03-03 08:00:00,162.27,163.37,156.83,161.09,1078421.609,1741003199999,172756527.09591,692830,549289.989,88022656.07858,0
2025-03-03 12:00:00,161.08,167.07,154.07,157.78,2546433.118,1741017599999,408695544.27032,1415826,1237730.738,198828227.80788,0
2025-03-03 16:00:00,157.78,159.61,140.05,141.87,2816719.183,1741031999999,423377346.89167,1647934,1302375.707,196149728.66053,0
2025-03-03 20:00:00,141.87,144.97,139.21,142.16,1615455.571,1741046399999,230545902.63016,907525,809745.906,115640572.83068,0
2025-03-04 00:00:00,142.16,145.08,132.46,136.38,2232567.084,1741060799999,307116842.64645,1378223,1068006.588,146986008.36724,0
2025-03-04 04:00:00,136.39,139.58,135.64,136.02,872230.58,1741075199999,119649789.02129,587938,439413.723,60314600.32358,0
2025-03-04 08:00:00,136.02,138.58,134.62,136.98,982640.059,1741089599999,134440246.18307,535488,458227.139,62732545.86945,0
2025-03-04 12:00:00,136.97,143.39,132.64,138.59,3078325.736,1741103999999,423354177.53765,1581355,1516470.576,208115846.17294,0
2025-03-04 16:00:00,138.59,144.77,130.66,143.16,2027388.825,1741118399999,281134318.19196,1155136,1034133.631,143674021.55762,0
2025-03-04 20:00:00,143.15,147.0,141.55,144.79,1196446.05,1741132799999,172621081.00422,535721,609750.88,88145940.64349,0
2025-03-05 00:00:00,144.8,145.55,141.76,141.82,692820.649,1741147199999,99734557.04464,389061,336437.456,48461776.57475,0
2025-03-05 04:00:00,141.82,144.1,140.82,142.88,620986.515,1741161599999,88220246.63941,299367,254631.329,36205027.20636,0
2025-03-05 08:00:00,142.89,149.73,142.74,147.13,1044394.142,1741175999999,153657598.12864,513362,548018.82,80553811.36342,0
2025-03-05 12:00:00,147.13,149.23,140.32,141.66,1339096.426,1741190399999,192838613.61877,718297,661430.961,95228548.64655,0
2025-03-05 16:00:00,141.66,146.47,140.18,144.77,817465.66,1741204799999,116916027.01561,459410,443202.153,63388520.09393,0
2025-03-05 20:00:00,144.78,146.84,143.91,146.28,380757.193,1741219199999,55424254.79022,212159,210594.372,30674822.94334,0
2025-03-06 00:00:00,146.27,150.68,144.54,148.73,709517.914,1741233599999,104704161.34986,452122,376086.46,55556595.20171,0
2025-03-06 04:00:00,148.73,150.66,147.62,148.62,566337.926,1741247999999,84482836.85509,350448,261483.035,39022637.70865,0
2025-03-06 08:00:00,148.63,152.9,148.34,151.71,735590.113,1741262399999,110881778.87235,410550,346365.917,52241670.23713,0
2025-03-06 12:00:00,151.71,151.92,145.06,149.03,1205506.065,1741276799999,178223005.24135,539015,623500.321,92119446.3162,0
2025-03-06 16:00:00,149.04,149.43,142.44,143.58,738490.55,1741291199999,106765773.32919,427248,366771.7,53033200.58813,0
2025-03-06 20:00:00,143.59,145.92,143.19,143.31,496437.093,1741305599999,71619169.00596,262717,271477.439,39162041.90738,0
2025-03-07 00:00:00,143.3,145.57,135.04,140.79,1743676.516,1741319999999,242634500.32476,930718,799485.965,111250490.29125,0
2025-03-07 04:00:00,140.79,144.63,140.63,144.34,377834.376,1741334399999,54009528.67194,228220,205964.201,29453032.32967,0
2025-03-07 08:00:00,144.34,146.21,141.8,143.58,941906.793,1741348799999,135240797.07464,313106,426878.0,61323283.02099,0
2025-03-07 12:00:00,143.57,148.13,141.75,144.89,1341666.719,1741363199999,194681142.20538,645756,674381.826,97886197.24321,0
2025-03-07 16:00:00,144.89,150.88,141.34,146.36,1497217.219,1741377599999,218005731.70174,815938,735262.928,107059324.88037,0
2025-03-07 20:00:00,146.35,147.62,137.5,139.39,1365111.148,1741391999999,194937035.2195,784206,612317.125,87446571.7278,0
2025-03-08 00:00:00,139.39,141.09,137.8,139.68,564268.956,1741406399999,78573745.72419,305778,290519.482,40463137.50781,0
2025-03-08 04:00:00,139.67,141.03,138.33,138.78,358297.853,1741420799999,50081588.27959,201107,201980.792,28243039.96334,0
2025-03-08 08:00:00,138.77,139.21,136.64,137.58,308873.81,1741435199999,42598494.98934,208844,140701.551,19410438.03,0
2025-03-08 12:00:00,137.57,138.75,136.07,137.21,362684.439,1741449599999,49914995.69654,247353,180670.017,24871692.81759,0
2025-03-08 16:00:00,137.21,138.92,135.29,138.45,362557.39,1741463999999,49540358.45561,227945,189956.713,25964572.21087,0
2025-03-08 20:00:00,138.45,138.59,136.32,137.01,179068.945,1741478399999,24601077.83523,127250,81971.478,11259274.25862,0
2025-03-09 00:00:00,137.01,138.51,136.53,137.92,188094.016,1741492799999,25896625.71436,137831,89609.443,12339940.67209,0
2025-03-09 04:00:00,137.91,139.88,137.67,139.63,239635.902,1741507199999,33252853.24286,146851,128805.954,17876617.12865,0
2025-03-09 08:00:00,139.63,139.78,135.61,136.32,461609.247,1741521599999,63385697.66716,238017,199035.898,27339698.94038,0
2025-03-09 12:00:00,136.32,136.43,129.75,130.16,1072850.434,1741535999999,142767828.04543,461659,476555.58,63412165.89488,0
2025-03-09 16:00:00,130.16,131.54,125.81,129.19,1234090.435,1741550399999,158218237.44253,652499,579140.658,74285799.98296,0
2025-03-09 20:00:00,129.19,130.59,125.41,126.51,713215.618,1741564799999,90995356.37496,347286,326677.74,41696691.89642,0
2025-03-10 00:00:00,126.52,129.11,124.03,126.59,924107.54,1741579199999,117358731.58246,443730,441554.663,56165379.95818,0
2025-03-10 04:00:00,126.59,129.25,126.46,128.11,641027.108,1741593599999,82058870.8591,225510,330320.475,42286684.60213,0
2025-03-10 08:00:00,128.11,131.57,125.91,129.94,893649.432,1741607999999,114834986.43932,543161,413358.056,53171254.14687,0
2025-03-10 12:00:00,129.94,130.89,120.18,121.96,1661313.427,1741622399999,205538373.0544,941254,744118.051,92082769.14099,0
2025-03-10 16:00:00,121.95,122.36,115.47,119.71,1939570.727,1741636799999,229734456.45269,796803,927945.589,109942896.40061,0
2025-03-10 20:00:00,119.72,120.24,117.56,118.32,594441.097,1741651199999,70753731.20343,281761,313129.534,37284992.80379,0
2025-03-11 00:00:00,118.32,121.9,112.0,119.96,1982977.936,1741665599999,231592611.47967,824667,1021768.215,119412857.7929,0
2025-03-11 04:00:00,119.95,124.02,119.75,123.07,832560.438,1741679999999,102154946.53846,321839,422029.755,51757422.31273,0
2025-03-11 08:00:00,123.07,125.81,122.93,124.71,641629.457,1741694399999,79657716.47553,275220,305883.051,37995473.22527,0
2025-03-11 12:00:00,124.71,126.27,118.59,125.02,1691558.616,1741708799999,207256342.98665,787041,804301.474,98574360.91682,0
2025-03-11 16:00:00,125.01,128.43,122.84,128.15,924986.727,1741723199999,116634592.02714,497163,489631.729,61776915.76072,0
2025-03-11 20:00:00,128.14,128.25,125.07,125.35,361564.689,1741737599999,45726002.7647,190523,175648.618,22215715.72383,0
2025-03-12 00:00:00,125.35,127.03,122.47,122.53,525419.366,1741751999999,65603466.53483,259233,259203.267,32392240.47713,0
2025-03-12 04:00:00,122.52,123.53,121.22,123.19,804498.722,1741766399999,98500944.84299,275427,389607.608,47696767.93163,0
2025-03-12 08:00:00,123.19,126.84,122.88,126.76,716124.83,1741780799999,89255037.24638,350945,325890.316,40604616.37896,0
2025-03-12 12:00:00,126.77,131.33,123.04,124.57,1376847.32,1741795199999,175415587.29065,760489,645165.126,82239028.64805,0
2025-03-12 16:00:00,124.56,126.31,123.31,125.05,601205.659,1741809599999,74955823.3442,322686,305285.143,38077828.08439,0
2025-03-12 20:00:00,125.05,127.08,123.97,126.62,386406.243,1741823999999,48602908.50434,197641,189227.034,23804174.21217,0
2025-03-13 00:00:00,126.61,127.46,124.73,124.97,426826.406,1741838399999,53745523.90111,214453,236760.932,29823535.27779,0
2025-03-13 04:00:00,124.97,125.36,123.03,124.24,421023.939,1741852799999,52161443.02169,194917,204284.066,25314558.62756,0
2025-03-13 08:00:00,124.25,128.03,123.64,126.88,476643.353,1741867199999,60239884.47276,213846,232046.207,29328224.14934,0
2025-03-13 12:00:00,126.88,128.76,123.6,124.34,775129.671,1741881599999,97398742.65696,444411,351289.447,44165663.89148,0
2025-03-13 16:00:00,124.34,124.41,121.08,121.46,480135.543,1741895999999,58823649.55536,271607,220760.302,27048576.32696,0
2025-03-13 20:00:00,121.47,124.36,120.76,123.37,244826.049,1741910399999,29968783.49185,151832,117711.16,14413156.17204,0
2025-03-14 00:00:00,123.36,125.47,122.98,124.48,338983.028,1741924799999,42191686.43744,202813,201369.587,25071151.11734,0
2025-03-14 04:00:00,124.48,125.63,124.41,124.68,298129.857,1741939199999,37231911.01971,140787,178686.916,22318924.51776,0
2025-03-14 08:00:00,124.68,126.6,124.62,126.17,300682.178,1741953599999,37825528.55179,167784,146918.152,18477892.86023,0
2025-03-14 12:00:00,126.16,134.01,125.46,132.12,1615705.937,1741967999999,210607473.32853,700448,822884.069,107238828.13359,0
2025-03-14 16:00:00,132.13,134.71,130.87,134.28,594407.246,1741982399999,79072269.62763,351075,318773.206,42423699.91542,0
2025-03-14 20:00:00,134.29,136.03,131.96,133.54,459817.246,1741996799999,61602081.64487,221144,229110.564,30743048.24106,0
2025-03-15 00:00:00,133.53,135.3,132.91,135.02,333647.227,1742011199999,44698687.91362,214068,189007.771,25324507.54742,0
2025-03-15 04:00:00,135.03,135.52,132.71,132.91,334792.255,1742025599999,44824813.93526,153679,174979.134,23429723.28431,0
2025-03-15 08:00:00,132.91,133.69,132.44,133.37,311561.661,1742039999999,41437323.77494,127472,194744.779,25902198.81315,0
2025-03-15 12:00:00,133.37,135.8,133.09,135.12,391110.277,1742054399999,52669161.95807,179785,219219.087,29517645.23437,0
2025-03-15 16:00:00,135.12,136.53,133.58,134.49,393292.719,1742068799999,53170170.73173,181455,176571.514,23890617.32611,0
2025-03-15 20:00:00,134.5,136.5,134.37,135.86,153673.351,1742083199999,20828249.02993,119624,77482.424,10500366.65153,0
2025-03-16 00:00:00,135.86,136.71,134.13,135.5,240062.093,1742097599999,32527208.40332,190803,123337.115,16718850.21933,0
2025-03-16 04:00:00,135.5,136.23,133.86,134.64,249407.981,1742111999999,33595240.63455,137218,155854.992,20978334.46952,0
2025-03-16 08:00:00,134.64,134.97,129.68,129.91,668997.366,1742126399999,88399445.37355,325160,300112.553,39701441.98963,0
2025-03-16 12:00:00,129.92,130.87,127.49,128.78,605244.953,1742140799999,78161460.83024,293467,299453.596,38696222.33961,0
2025-03-16 16:00:00,128.77,131.28,126.04,126.94,692029.6,1742155199999,89117609.62563,382531,319183.449,41139868.90938,0
2025-03-16 20:00:00,126.94,127.77,125.21,126.13,308518.899,1742169599999,38993531.39431,192473,152221.937,19244132.2169,0
2025-03-17 00:00:00,126.13,129.23,125.85,128.96,513593.718,1742183999999,65578058.63469,221058,296994.344,37929093.3774,0
2025-03-17 04:00:00,128.96,129.5,126.5,129.26,292741.952,1742198399999,37595461.95981,169924,130164.65,16729702.88747,0
2025-03-17 08:00:00,129.26,129.65,128.42,129.18,290792.213,1742212799999,37515455.22309,153881,131285.029,16937339.66117,0
2025-03-17 12:00:00,129.17,130.11,125.55,127.51,738046.904,1742227199999,94212650.97734,409854,364117.404,46506500.60935,0
2025-03-17 16:00:00,127.5,130.64,126.66,129.84,619998.646,1742241599999,79874827.806,283825,325617.025,41978036.87007,0
2025-03-17 20:00:00,129.83,129.95,127.77,128.01,252437.661,1742255999999,32533110.33353,142633,125858.853,16222978.10762,0
2025-03-18 00:00:00,128.01,128.19,123.49,124.15,835228.345,1742270399999,104710447.5209,335920,349998.244,43904150.27781,0
2025-03-18 04:00:00,124.14,125.24,123.0,125.2,635130.84,1742284799999,78987610.29114,238898,347413.505,43222913.59463,0
2025-03-18 08:00:00,125.2,125.96,123.2,123.54,426596.92,1742299199999,53185413.90467,183508,197665.367,24642892.39712,0
2025-03-18 12:00:00,123.53,123.78,121.76,122.57,627746.915,1742313599999,77062511.59729,296423,286696.572,35202586.89954,0
2025-03-18 16:00:00,122.57,124.5,122.44,124.22,398288.045,1742327999999,49186066.08197,182944,196287.572,24243276.18107,0
2025-03-18 20:00:00,124.22,125.71,123.53,125.33,258798.634,1742342399999,32273649.84758,121775,117405.319,14643148.48048,0
2025-03-19 00:00:00,125.33,126.72,124.2,126.47,363642.447,1742356799999,45627082.21191,154958,191247.242,24009475.20391,0
2025-03-19 04:00:00,126.48,126.88,125.39,125.73,481274.591,1742371199999,60659211.54929,176888,226857.687,28594748.25096,0
2025-03-19 08:00:00,125.73,129.53,125.7,128.69,507771.617,1742385599999,64762660.19989,234714,265983.593,33927897.9375,0
2025-03-19 12:00:00,128.69,132.73,126.97,132.32,1252852.081,1742399999999,163160230.4646,496027,626900.781,81706386.09896,0
2025-03-19 16:00:00,132.33,134.33,128.18,133.03,1084550.718,1742414399999,142417459.16687,528641,512655.207,67401091.68255,0
2025-03-19 20:00:00,133.03,136.08,133.0,135.33,480406.537,1742428799999,64531485.13346,248246,261986.438,35210690.13382,0
2025-03-20 00:00:00,135.33,136.12,132.82,133.91,460300.543,1742443199999,61739687.63583,211003,198762.991,26657284.28159,0
2025-03-20 04:00:00,133.92,134.96,132.76,134.01,298491.092,1742457599999,39964101.51648,136074,130243.169,17445104.6126,0
2025-03-20 08:00:00,134.01,134.55,130.31,130.65,499995.902,1742471999999,66083666.42912,252989,229080.453,30278733.72283,0
2025-03-20 12:00:00,130.65,132.3,128.51,128.91,672380.557,1742486399999,87724300.28766,333185,335172.647,43765996.73147,0
2025-03-20 16:00:00,128.9,129.38,126.65,127.94,468944.014,1742500799999,59935483.84587,231254,244003.465,31180058.70025,0
2025-03-20 20:00:00,127.93,128.49,127.17,127.6,193175.878,1742515199999,24696510.80568,101566,92917.705,11882186.95437,0
2025-03-21 00:00:00,127.6,129.07,127.33,127.94,290223.727,1742529599999,37222201.02205,133850,142019.022,18219582.10617,0
2025-03-21 04:00:00,127.95,128.76,127.4,128.07,207433.225,1742543999999,26575724.44559,112741,96033.864,12305342.39596,0
2025-03-21 08:00:00,128.08,129.1,125.74,126.39,458899.319,1742558399999,58422770.62743,193287,195161.144,24857977.98591,0
2025-03-21 12:00:00,126.4,127.77,125.39,125.98,426161.106,1742572799999,53925103.21718,225681,219414.132,27779324.08662,0
2025-03-21 16:00:00,125.98,129.73,124.81,128.24,715310.652,1742587199999,91036848.64929,275256,372220.795,47407035.73751,0
2025-03-21 20:00:00,128.25,130.18,127.57,128.48,302394.319,1742601599999,38922919.72572,154346,159458.39,20527116.54331,0
2025-03-22 00:00:00,128.47,129.38,127.8,128.88,231011.001,1742615999999,29719389.75787,118725,105393.615,13561699.71044,0
2025-03-22 04:00:00,128.88,129.75,128.54,128.82,256142.948,1742630399999,33089230.75849,99371,122652.019,15844597.81938,0
2025-03-22 08:00:00,128.81,131.84,128.77,130.34,373494.351,1742644799999,48774605.94645,166159,183518.367,23959341.53267,0
2025-03-22 12:00:00,130.35,130.55,128.64,129.25,250406.714,1742659199999,32418774.17823,129515,120424.487,15590643.15841,0
2025-03-22 16:00:00,129.24,130.27,128.9,129.97,214411.937,1742673599999,27791807.06941,97596,113917.173,14761629.46007,0
2025-03-22 20:00:00,129.97,130.06,128.12,128.51,172701.245,1742687999999,22267319.24592,94905,76958.578,9924026.96806,0
2025-03-23 00:00:00,128.5,130.85,128.21,130.85,208220.156,1742702399999,26964026.52249,102342,98077.673,12704932.55272,0
2025-03-23 04:00:00,130.85,131.49,129.73,131.15,212738.81,1742716799999,27777840.45156,98492,101612.171,13271033.14559,0
2025-03-23 08:00:00,131.15,134.06,130.95,133.1,435342.674,1742731199999,57635296.32112,162943,212272.029,28113449.01241,0
2025-03-23 12:00:00,133.11,133.83,132.14,132.51,395780.239,1742745599999,52645978.44842,175476,183222.469,24373025.41169,0
2025-03-23 16:00:00,132.52,132.74,130.35,130.55,277195.29,1742759999999,36424607.44333,138057,130515.924,17152113.7724,0
2025-03-23 20:00:00,130.54,132.85,130.2,132.84,234208.817,1742774399999,30760660.26956,122083,142132.055,18671941.29277,0
2025-03-24 00:00:00,132.85,138.46,132.04,138.16,925361.928,1742788799999,125237740.80422,461417,497299.236,67271640.17296,0
2025-03-24 04:00:00,138.16,139.36,137.77,138.88,794433.055,1742803199999,110073853.23927,321805,365339.676,50630682.90157,0
2025-03-24 08:00:00,138.89,144.13,138.6,143.41,879015.564,1742817599999,124022776.36695,365977,487494.075,68796045.57296,0
2025-03-24 12:00:00,143.42,144.96,142.3,143.25,1063640.575,1742831999999,152456698.40349,509408,503023.319,72135751.65357,0
2025-03-24 16:00:00,143.24,143.44,141.29,142.77,443131.193,1742846399999,63089500.46639,249672,215420.004,30672122.37567,0
2025-03-24 20:00:00,142.76,143.64,139.64,141.01,448549.33,1742860799999,63400142.24907,206325,214094.402,30278101.32502,0
2025-03-25 00:00:00,141.01,142.29,138.2,138.57,517956.31,1742875199999,72575541.86502,280327,243071.713,34106146.5183,0
2025-03-25 04:00:00,138.57,140.35,138.17,139.46,299805.304,1742889599999,41789785.06826,178723,155909.744,21732782.53953,0
2025-03-25 08:00:00,139.46,143.43,139.43,142.15,461655.956,1742903999999,65502486.58212,253937,227675.04,32296885.46514,0
2025-03-25 12:00:00,142.14,147.48,141.06,145.28,1338142.036,1742918399999,193911463.73241,627917,685231.308,99347895.74913,0
2025-03-25 16:00:00,145.28,146.25,143.61,145.03,485885.487,1742932799999,70445786.43747,304180,210796.887,30568354.66458,0
2025-03-25 20:00:00,145.02,146.09,142.48,143.64,426513.577,1742947199999,61513841.26008,220759,213628.922,30820718.98319,0
2025-03-26 00:00:00,143.64,144.63,141.5,141.84,369761.366,1742961599999,52951265.59813,209028,185549.4,26584214.22246,0
2025-03-26 04:00:00,141.84,144.89,141.64,144.5,375171.609,1742975999999,53773818.46107,176552,220777.86,31643693.93964,0
2025-03-26 08:00:00,144.5,145.49,143.77,144.61,351983.651,1742990399999,50896493.75934,190766,173766.405,25131464.0194,0
2025-03-26 12:00:00,144.61,145.07,139.0,139.34,1032492.001,1743004799999,145799797.65354,462435,432519.792,61058381.46169,0
2025-03-26 16:00:00,139.33,140.21,136.23,137.45,592239.615,1743019199999,81912226.07604,301948,253799.226,35081426.72687,0
2025-03-26 20:00:00,137.45,138.51,135.89,137.34,377875.045,1743033599999,51855662.33907,209004,194255.6,26673363.30675,0
2025-03-27 00:00:00,137.35,140.22,136.82,139.91,425889.2,1743047999999,59041970.09447,218012,251661.285,34891387.84764,0
2025-03-27 04:00:00,139.91,140.07,137.91,138.88,317737.529,1743062399999,44133851.92506,180395,173101.072,24046291.94017,0
2025-03-27 08:00:00,138.88,139.29,137.1,137.4,464504.945,1743076799999,64193471.38328,251980,204436.618,28261269.1119,0
2025-03-27 12:00:00,137.4,139.83,135.63,137.79,713863.645,1743091199999,98380515.28683,367711,323953.184,44671455.42643,0
2025-03-27 16:00:00,137.79,139.71,137.36,139.06,320958.722,1743105599999,44458676.00486,191477,168338.692,23324819.73084,0
2025-03-27 20:00:00,139.07,139.95,138.12,138.43,223208.642,1743119999999,31045671.21667,115064,116596.028,16220119.76608,0
2025-03-28 00:00:00,138.44,139.05,135.9,136.78,619076.01,1743134399999,84940034.58044,230461,293309.779,40234285.68577,0
2025-03-28 04:00:00,136.79,137.35,131.38,131.62,1180653.184,1743148799999,158046313.9922,409006,520760.951,69807657.97828,0
2025-03-28 08:00:00,131.63,132.67,130.36,131.93,563337.107,1743163199999,73990292.88244,261424,278636.649,36614110.46104,0
2025-03-28 12:00:00,131.92,132.46,129.14,129.92,713947.358,1743177599999,93107126.57035,331283,339422.546,44284166.50703,0
2025-03-28 16:00:00,129.92,130.3,129.03,129.43,417627.917,1743191999999,54118108.45725,191605,183022.4,23719518.14747,0
2025-03-28 20:00:00,129.43,130.46,127.69,129.49,397549.789,1743206399999,51299464.55701,152003,175893.892,22716234.7887,0
2025-03-29 00:00:00,129.5,130.54,126.58,128.84,426165.337,1743220799999,54851885.48651,191857,216195.18,27856499.9305,0
2025-03-29 04:00:00,128.83,129.13,125.45,126.39,526673.224,1743235199999,67104839.93383,193109,251280.677,32018891.03237,0
2025-03-29 08:00:00,126.39,127.1,124.31,125.3,545971.325,1743249599999,68734154.86736,237322,257934.141,32499576.47829,0
2025-03-29 12:00:00,125.3,126.82,125.0,126.32,320786.433,1743263999999,40425625.91712,156022,176898.434,22301029.80953,0
2025-03-29 16:00:00,126.32,126.79,123.71,125.3,494981.01,1743278399999,61883813.27599,242519,256446.857,32056589.81492,0
2025-03-29 20:00:00,125.3,125.43,122.68,124.58,295488.186,1743292799999,36642760.33569,157981,144222.459,17890879.77114,0
2025-03-30 00:00:00,124.58,126.6,123.49,125.71,331271.839,1743307199999,41543606.57136,194279,172947.067,21686888.4378,0
2025-03-30 04:00:00,125.7,126.56,125.16,125.48,188600.491,1743321599999,23749917.09506,111050,103083.895,12982890.69954,0
2025-03-30 08:00:00,125.48,126.43,124.66,125.12,254954.045,1743335999999,31995541.47088,122985,152430.008,19130246.83562,0
2025-03-30 12:00:00,125.12,125.59,123.15,124.92,387216.248,1743350399999,48154049.55458,204834,178231.159,22173571.35482,0
2025-03-30 16:00:00,124.92,127.08,123.0,125.85,290593.515,1743364799999,36379636.54534,187257,149537.107,18742329.54293,0
2025-03-30 20:00:00,125.84,126.37,123.19,124.82,291139.158,1743379199999,36332429.45436,169786,135499.134,16916506.55841,0
2025-03-31 00:00:00,124.83,127.63,122.75,124.56,456755.469,1743393599999,57260043.72574,266616,222925.217,27965306.86817,0
2025-03-31 04:00:00,124.57,127.08,124.33,125.88,428772.482,1743407999999,53884110.99878,201850,218903.721,27515149.23898,0
2025-03-31 08:00:00,125.89,126.7,123.05,124.28,534871.913,1743422399999,66513187.04349,260780,226951.682,28249446.29324,0
2025-03-31 12:00:00,124.27,127.81,123.22,126.78,1303614.149,1743436799999,164118324.60924,467904,580690.777,73125777.55965,0
2025-03-31 16:00:00,126.77,127.36,123.83,125.25,542225.867,1743451199999,68088091.97806,249892,229446.238,28806140.02555,0
2025-03-31 20:00:00,125.25,126.27,124.47,124.54,464388.973,1743465599999,58178779.31298,171194,190842.47,23926961.12502,0
2025-04-01 00:00:00,124.53,126.72,123.74,126.06,456527.231,1743479999999,57079776.96589,197760,217274.467,27165996.0712,0
2025-04-01 04:00:00,126.07,126.78,125.59,126.69,289286.331,1743494399999,36511202.19022,130590,153697.614,19400918.19064,0
2025-04-01 08:00:00,126.69,129.97,126.68,127.61,715628.001,1743508799999,92037458.56877,323214,348597.242,44823571.35107,0
2025-04-01 12:00:00,127.6,130.55,124.68,129.27,1325487.084,1743523199999,169398071.31188,493838,691537.12,88413250.74691,0
2025-04-01 16:00:00,129.27,129.64,125.52,126.82,491681.836,1743537599999,62687129.12943,251571,230917.36,29453478.82509,0
2025-04-01 20:00:00,126.82,127.53,125.3,126.67,275667.365,1743551999999,34865239.8521,131554,155303.045,19649537.12313,0
2025-04-02 00:00:00,126.68,126.96,124.1,124.32,360376.601,1743566399999,45148192.94315,207427,177730.202,22277836.52295,0
2025-04-02 04:00:00,124.32,125.03,123.5,124.55,315887.887,1743580799999,39250191.23062,178453,146472.877,18205937.91706,0
2025-04-02 08:00:00,124.54,126.73,124.28,125.69,343921.196,1743595199999,43239042.15314,180748,163573.844,20559382.35942,0
2025-04-02 12:00:00,125.7,131.16,125.12,130.43,1459216.398,1743609599999,188009267.30891,651814,762761.051,98269097.2143,0
2025-04-02 16:00:00,130.43,131.79,129.17,131.43,830662.196,1743623999999,108467927.42716,410317,416364.322,54385132.25491,0
2025-04-02 20:00:00,131.42,136.21,117.0,117.42,2978844.402,1743638399999,372828870.89612,1189139,1391619.096,174589426.82399,0
2025-04-03 00:00:00,117.42,120.94,116.25,119.8,1382064.844,1743652799999,164995407.06815,463662,729787.835,87110353.95719,0
2025-04-03 04:00:00,119.81,120.86,117.9,118.64,839800.031,1743667199999,99950594.06874,272857,446057.822,53084589.20429,0
2025-04-03 08:00:00,118.64,119.22,115.11,115.74,971616.952,1743681599999,113793764.49643,377551,498576.233,58367080.45647,0
2025-04-03 12:00:00,115.74,116.04,112.24,114.16,1414822.953,1743695999999,161267821.21364,604297,672849.94,76717789.28564,0
2025-04-03 16:00:00,114.17,116.0,113.26,115.42,882146.55,1743710399999,101190062.19302,270632,456630.204,52433763.21063,0
2025-04-03 20:00:00,115.43,117.45,115.08,117.17,364415.948,1743724799999,42440084.02038,182893,199027.471,23188179.54435,0
2025-04-04 00:00:00,117.17,117.5,114.63,115.4,496369.612,1743739199999,57559225.62711,241643,209911.373,24353847.69834,0
2025-04-04 04:00:00,115.41,118.35,114.73,118.18,684370.718,1743753599999,79755652.25587,235448,344543.322,40175593.79204,0
2025-04-04 08:00:00,118.17,119.94,113.25,114.54,1014820.91,1743767999999,118606891.66532,446263,487237.893,56992548.76646,0
2025-04-04 12:00:00,114.53,120.99,113.96,118.6,1694857.327,1743782399999,198676591.70085,790214,896328.004,105046518.42162,0
2025-04-04 16:00:00,118.6,123.98,118.23,122.61,1400599.221,1743796799999,170158877.02029,571845,756661.336,91938194.24795,0
2025-04-04 20:00:00,122.61,124.0,121.78,122.79,430054.532,1743811199999,52946177.62541,184566,178812.79,22010961.24647,0
2025-04-05 00:00:00,122.8,122.85,120.66,120.73,327845.359,1743825599999,39873542.54744,159526,160129.916,19469306.92795,0
2025-04-05 04:00:00,120.72,121.32,120.18,121.07,215636.507,1743839999999,26047777.50647,115142,111302.895,13448675.15754,0
2025-04-05 08:00:00,121.07,121.96,119.86,120.28,269080.287,1743854399999,32541694.92583,145011,121761.504,14718840.72606,0
2025-04-05 12:00:00,120.29,120.33,117.15,117.55,467518.899,1743868799999,55302628.87497,216787,245808.24,29062507.16794,0
2025-04-05 16:00:00,117.55,119.35,117.52,118.63,234342.093,1743883199999,27732015.08634,125640,115291.436,13635550.23076,0
2025-04-05 20:00:00,118.63,120.56,118.41,120.32,269958.155,1743897599999,32210300.99385,129673,108721.941,12980905.0618,0
2025-04-06 00:00:00,120.33,121.13,119.43,119.98,217230.754,1743911999999,26111057.87167,124541,99363.431,11940749.76025,0
2025-04-06 04:00:00,119.99,120.6,118.82,119.21,213970.852,1743926399999,25602593.57999,125137,98576.024,11797986.69193,0
2025-04-06 08:00:00,119.2,120.18,118.18,118.62,214065.208,1743940799999,25505231.28694,143116,101759.553,12126409.1632,0
2025-04-06 12:00:00,118.61,118.86,114.3,114.97,755225.63,1743955199999,87261950.02252,323890,386637.2,44641932.42206,0
2025-04-06 16:00:00,114.96,115.26,106.28,108.07,1992197.845,1743969599999,219262831.38332,894287,920216.198,101157561.32667,0
