timeOpen;timeClose;timeHigh;timeLow;name;open;high;low;close;volume;marketCap;timestamp
"2025-04-14T00:00:00.000Z";"2025-04-14T23:59:59.999Z";"2025-04-14T02:36:00.000Z";"2025-04-14T00:07:00.000Z";"2781";128.5781779311;135.186951464;128.2328834524;129.3103747599;4425565000.77;66752089537.53;"2025-04-14T23:59:59.999Z"
"2025-04-13T00:00:00.000Z";"2025-04-13T23:59:59.999Z";"2025-04-13T00:54:00.000Z";"2025-04-13T21:09:00.000Z";"2781";132.2625895614;133.506841254;125.5238615587;128.5807943647;3818650339.57;66358134024.48;"2025-04-13T23:59:59.999Z"
"2025-04-12T00:00:00.000Z";"2025-04-12T23:59:59.999Z";"2025-04-12T22:23:00.000Z";"2025-04-12T03:01:00.000Z";"2781";121.5327002008;133.7588532971;119.6593436287;132.2605543066;4089397536.35;68260309348.38;"2025-04-12T23:59:59.999Z"
"2025-04-11T00:00:00.000Z";"2025-04-11T23:59:59.999Z";"2025-04-11T21:26:00.000Z";"2025-04-11T01:01:00.000Z";"2781";112.8073193673;122.3985879047;112.1864249135;121.532379689;3953610468.46;62700552052.93;"2025-04-11T23:59:59.999Z"
"2025-04-10T00:00:00.000Z";"2025-04-10T23:59:59.999Z";"2025-04-10T00:01:00.000Z";"2025-04-10T17:13:00.000Z";"2781";119.0622867885;119.0825600034;108.6016885189;112.8039227513;4310698522.89;58178619643.77;"2025-04-10T23:59:59.999Z"
"2025-04-09T00:00:00.000Z";"2025-04-09T23:59:59.999Z";"2025-04-09T18:26:00.000Z";"2025-04-09T01:32:00.000Z";"2781";105.5095882309;120.4707693434;101.4347348639;119.0575414115;7096350476;61387495070.29;"2025-04-09T23:59:59.999Z"
"2025-04-08T00:00:00.000Z";"2025-04-08T23:59:59.999Z";"2025-04-08T02:28:00.000Z";"2025-04-08T17:29:00.000Z";"2781";106.9052650818;112.298938179;103.1445274944;105.5121924807;5353641480.29;54387188549.9;"2025-04-08T23:59:59.999Z"
"2025-04-07T00:00:00.000Z";"2025-04-07T23:59:59.999Z";"2025-04-07T14:19:00.000Z";"2025-04-07T06:56:00.000Z";"2781";105.7120158751;111.4719838319;96.5880665927;106.9027774755;8644174245.95;55106753385.54;"2025-04-07T23:59:59.999Z"
"2025-04-06T00:00:00.000Z";"2025-04-06T23:59:59.999Z";"2025-04-06T01:28:00.000Z";"2025-04-06T23:25:00.000Z";"2781";120.2585041234;120.9326749268;104.0041293431;105.7120158751;3822458628.77;54398171133.24;"2025-04-06T23:59:59.999Z"
"2025-04-05T00:00:00.000Z";"2025-04-05T23:59:59.999Z";"2025-04-05T00:01:00.000Z";"2025-04-05T15:46:00.000Z";"2781";122.786432234;122.7869127796;117.1888050686;120.2589982879;1667996328.83;61882630805.68;"2025-04-05T23:59:59.999Z"
"2025-04-04T00:00:00.000Z";"2025-04-04T23:59:59.999Z";"2025-04-04T21:49:00.000Z";"2025-04-04T11:34:00.000Z";"2781";117.0648115164;123.9006008765;113.603229588;122.7868814418;5182517335.08;63167453345.58;"2025-04-04T23:59:59.999Z"
"2025-04-03T00:00:00.000Z";"2025-04-03T23:59:59.999Z";"2025-04-03T03:02:00.000Z";"2025-04-03T14:53:00.000Z";"2781";117.7492009838;120.7898287372;112.4782624308;117.0614581729;4633002432.45;60010101507.01;"2025-04-03T23:59:59.999Z"
"2025-04-02T00:00:00.000Z";"2025-04-02T23:59:59.999Z";"2025-04-02T20:19:00.000Z";"2025-04-02T23:56:00.000Z";"2781";126.6796051515;135.6957925217;117.7442795198;117.7576329891;5399672437.81;60346922638.23;"2025-04-02T23:59:59.999Z"
"2025-04-01T00:00:00.000Z";"2025-04-01T23:59:59.999Z";"2025-04-01T15:19:00.000Z";"2025-04-01T01:13:00.000Z";"2781";124.6953387585;130.0324303983;123.9490458444;126.6823803677;2993289338.63;64923884942.52;"2025-04-01T23:59:59.999Z"
"2025-03-31T00:00:00.000Z";"2025-03-31T23:59:59.999Z";"2025-03-31T15:28:00.000Z";"2025-03-31T00:44:00.000Z";"2781";124.6440303818;127.6969033951;123.0792407766;124.6941279564;3206702484.55;63879474456.29;"2025-03-31T23:59:59.999Z"
"2025-03-30T00:00:00.000Z";"2025-03-30T23:59:59.999Z";"2025-03-30T19:06:00.000Z";"2025-03-30T22:10:00.000Z";"2781";124.5864838892;126.6233903102;123.3007613591;124.642635422;1639017443.61;63854182682.33;"2025-03-30T23:59:59.999Z"
"2025-03-29T00:00:00.000Z";"2025-03-29T23:59:59.999Z";"2025-03-29T00:38:00.000Z";"2025-03-29T22:53:00.000Z";"2781";129.4245079785;130.3805042285;123.0738916686;124.5876452324;2253256988.06;63791361485.11;"2025-03-29T23:59:59.999Z"
"2025-03-28T00:00:00.000Z";"2025-03-28T23:59:59.999Z";"2025-03-28T01:46:00.000Z";"2025-03-28T20:59:00.000Z";"2781";138.3472436183;138.9528228407;127.9809384224;129.4231628257;3532896572.91;66268165182.05;"2025-03-28T23:59:59.999Z"
"2025-03-27T00:00:00.000Z";"2025-03-27T23:59:59.999Z";"2025-03-27T02:52:00.000Z";"2025-03-27T13:44:00.000Z";"2781";137.29094824;140.1745182041;135.922210531;138.3473773959;2660348034.16;70758462483.97;"2025-03-27T23:59:59.999Z"
"2025-03-26T00:00:00.000Z";"2025-03-26T23:59:59.999Z";"2025-03-26T11:31:00.000Z";"2025-03-26T23:25:00.000Z";"2781";143.8170773673;145.3684788575;136.1363471031;137.2885777094;3083070980.51;70218452499.94;"2025-03-26T23:59:59.999Z"
"2025-03-25T00:00:00.000Z";"2025-03-25T23:59:59.999Z";"2025-03-25T14:44:00.000Z";"2025-03-25T03:51:00.000Z";"2781";140.8747314836;147.0580024913;138.3466768714;143.8170773673;3585353324.48;73539307388.57;"2025-03-25T23:59:59.999Z"
"2025-03-24T00:00:00.000Z";"2025-03-24T23:59:59.999Z";"2025-03-24T14:19:00.000Z";"2025-03-24T00:10:00.000Z";"2781";132.5993247164;144.8830858645;132.1617970517;140.8692750556;4207560019.77;72033219284.7;"2025-03-24T23:59:59.999Z"
"2025-03-23T00:00:00.000Z";"2025-03-23T23:59:59.999Z";"2025-03-23T11:29:00.000Z";"2025-03-23T00:05:00.000Z";"2781";128.4844848146;133.9619628975;128.342248986;132.5993247164;1711242607.31;67707412180.33;"2025-03-23T23:59:59.999Z"
"2025-03-22T00:00:00.000Z";"2025-03-22T23:59:59.999Z";"2025-03-22T10:46:00.000Z";"2025-03-22T02:06:00.000Z";"2781";128.429928915;131.5761893132;127.9325538772;128.4849905762;1442831195.7;65590861459.39;"2025-03-22T23:59:59.999Z"
"2025-03-21T00:00:00.000Z";"2025-03-21T23:59:59.999Z";"2025-03-21T21:38:00.000Z";"2025-03-21T16:22:00.000Z";"2781";127.4988533245;129.9562429485;124.977370392;128.4303104546;2370317364.22;65521907586.41;"2025-03-21T23:59:59.999Z"
"2025-03-20T00:00:00.000Z";"2025-03-20T23:59:59.999Z";"2025-03-20T00:15:00.000Z";"2025-03-20T16:53:00.000Z";"2781";135.5741637481;135.7726202991;126.8535757267;127.4971850458;2469659459.3;65047119874.77;"2025-03-20T23:59:59.999Z"
"2025-03-19T00:00:00.000Z";"2025-03-19T23:59:59.999Z";"2025-03-19T23:53:00.000Z";"2025-03-19T02:49:00.000Z";"2781";125.3122892944;135.9255225464;124.2973237887;135.5725096833;3539287974.22;69147276611.94;"2025-03-19T23:59:59.999Z"
"2025-03-18T00:00:00.000Z";"2025-03-18T23:59:59.999Z";"2025-03-18T00:00:00.000Z";"2025-03-18T13:49:00.000Z";"2781";128.1613448613;128.1613448613;121.9445332818;125.3126981498;2534317858.48;63913549841.8;"2025-03-18T23:59:59.999Z"
"2025-03-17T00:00:00.000Z";"2025-03-17T23:59:59.999Z";"2025-03-17T19:40:00.000Z";"2025-03-17T15:07:00.000Z";"2781";125.987417872;130.526876315;125.8619001221;128.1637087423;2487364372.52;65352637280.7;"2025-03-17T23:59:59.999Z"
"2025-03-16T00:00:00.000Z";"2025-03-16T23:59:59.999Z";"2025-03-16T01:11:00.000Z";"2025-03-16T23:10:00.000Z";"2781";135.9168002802;136.4689937036;125.3874083558;125.9881047927;2456569508.03;64244227360.22;"2025-03-16T23:59:59.999Z"
"2025-03-15T00:00:00.000Z";"2025-03-15T23:59:59.999Z";"2025-03-15T17:34:00.000Z";"2025-03-15T08:23:00.000Z";"2781";133.3132498558;136.4813419227;132.5599594181;135.9125412531;1844463215.3;69277581868.97;"2025-03-15T23:59:59.999Z"
"2025-03-14T00:00:00.000Z";"2025-03-14T23:59:59.999Z";"2025-03-14T22:58:00.000Z";"2025-03-14T00:11:00.000Z";"2781";123.2865979295;135.6434760125;123.1171528649;133.3144772733;3161542602.17;67948356012.61;"2025-03-14T23:59:59.999Z"
"2025-03-13T00:00:00.000Z";"2025-03-13T23:59:59.999Z";"2025-03-13T12:31:00.000Z";"2025-03-13T20:52:00.000Z";"2781";126.5832407733;128.1586327468;120.9094795073;123.2861484913;2871050067.6;62807381455;"2025-03-13T23:59:59.999Z"
"2025-03-12T00:00:00.000Z";"2025-03-12T23:59:59.999Z";"2025-03-12T12:34:00.000Z";"2025-03-12T04:42:00.000Z";"2781";125.2618990101;130.6551118267;121.3675605441;126.5832407733;4112201839.36;64484034464.24;"2025-03-12T23:59:59.999Z"
"2025-03-11T00:00:00.000Z";"2025-03-11T23:59:59.999Z";"2025-03-11T20:01:00.000Z";"2025-03-11T00:53:00.000Z";"2781";118.2916746328;128.1488599405;113.1892122544;125.2639431258;5259428587.14;63783372419.58;"2025-03-11T23:59:59.999Z"
"2025-03-10T00:00:00.000Z";"2025-03-10T23:59:59.999Z";"2025-03-10T09:25:00.000Z";"2025-03-10T19:01:00.000Z";"2781";126.4354343003;131.2409455166;115.9178946368;118.2917512896;5519806938.43;60212457152.77;"2025-03-10T23:59:59.999Z"
"2025-03-09T00:00:00.000Z";"2025-03-09T23:59:59.999Z";"2025-03-09T07:44:00.000Z";"2025-03-09T23:10:00.000Z";"2781";136.9428277587;139.7257649901;125.9357144302;126.4354343003;3429886566.79;64342682578.97;"2025-03-09T23:59:59.999Z"
"2025-03-08T00:00:00.000Z";"2025-03-08T23:59:59.999Z";"2025-03-08T01:08:00.000Z";"2025-03-08T17:13:00.000Z";"2781";139.2091383326;140.9045777466;135.4829673779;136.9420739961;2270939562.23;69690078228.9;"2025-03-08T23:59:59.999Z"
"2025-03-07T00:00:00.000Z";"2025-03-07T23:59:59.999Z";"2025-03-07T19:02:00.000Z";"2025-03-07T00:56:00.000Z";"2781";143.3552230078;150.0232503008;135.7171631134;139.2091383326;6090751622.61;70816441161.81;"2025-03-07T23:59:59.999Z"
"2025-03-06T00:00:00.000Z";"2025-03-06T23:59:59.999Z";"2025-03-06T10:58:00.000Z";"2025-03-06T19:32:00.000Z";"2781";146.2706614067;152.7792454246;142.7803908;143.3552257513;4204376335.55;72841810158.47;"2025-03-06T23:59:59.999Z"
"2025-03-05T00:00:00.000Z";"2025-03-05T23:59:59.999Z";"2025-03-05T10:49:00.000Z";"2025-03-05T15:31:00.000Z";"2781";144.9188149794;149.4854753202;140.5968657544;146.2673001243;4501939048.34;74305709282.68;"2025-03-05T23:59:59.999Z"
"2025-03-04T00:00:00.000Z";"2025-03-04T23:59:59.999Z";"2025-03-04T21:32:00.000Z";"2025-03-04T16:37:00.000Z";"2781";142.033194911;146.3964617644;131.5734773286;144.9165776416;8035056091.19;73603660314.94;"2025-03-04T23:59:59.999Z"
"2025-03-03T00:00:00.000Z";"2025-03-03T23:59:59.999Z";"2025-03-03T00:02:00.000Z";"2025-03-03T22:01:00.000Z";"2781";178.4952353574;178.6346471625;139.7901052036;142.021088832;9241009701.94;72114093014.12;"2025-03-03T23:59:59.999Z"
"2025-03-02T00:00:00.000Z";"2025-03-02T23:59:59.999Z";"2025-03-02T23:11:00.000Z";"2025-03-02T14:50:00.000Z";"2781";143.6767308637;178.5085647467;140.2975744621;178.4954964459;11540413389.85;90603784831.55;"2025-03-02T23:59:59.999Z"
"2025-03-01T00:00:00.000Z";"2025-03-01T23:59:59.999Z";"2025-03-01T01:58:00.000Z";"2025-03-01T13:52:00.000Z";"2781";148.0302077035;150.78715052;138.6846730773;143.6757020666;3305410077.34;72866425849.34;"2025-03-01T23:59:59.999Z"
"2025-02-28T00:00:00.000Z";"2025-02-28T23:59:59.999Z";"2025-02-28T23:53:00.000Z";"2025-02-28T04:38:00.000Z";"2781";137.6207666464;148.1838348817;125.7422193949;148.0300181637;7544673033;73777913878.79;"2025-02-28T23:59:59.999Z"
"2025-02-27T00:00:00.000Z";"2025-02-27T23:59:59.999Z";"2025-02-27T11:01:00.000Z";"2025-02-27T20:13:00.000Z";"2781";134.8316076698;142.1814704734;134.7297393971;137.6208102992;3723520942.77;68569557254.18;"2025-02-27T23:59:59.999Z"
"2025-02-26T00:00:00.000Z";"2025-02-26T23:59:59.999Z";"2025-02-26T03:26:00.000Z";"2025-02-26T18:55:00.000Z";"2781";144.0999657959;144.8746730332;130.6910726281;134.831328689;4916419994.28;67165591560.74;"2025-02-26T23:59:59.999Z"
"2025-02-25T00:00:00.000Z";"2025-02-25T23:59:59.999Z";"2025-02-25T22:08:00.000Z";"2025-02-25T10:23:00.000Z";"2781";141.9923452737;146.7398752073;132.4858438926;144.1077505674;9341433918.63;71573389899.72;"2025-02-25T23:59:59.999Z"
"2025-02-24T00:00:00.000Z";"2025-02-24T23:59:59.999Z";"2025-02-24T00:16:00.000Z";"2025-02-24T23:38:00.000Z";"2781";168.0381169658;169.5624891718;140.5665158459;141.9894919252;7062261488.65;70327667372.53;"2025-02-24T23:59:59.999Z"
"2025-02-23T00:00:00.000Z";"2025-02-23T23:59:59.999Z";"2025-02-23T07:45:00.000Z";"2025-02-23T22:29:00.000Z";"2781";172.1634613693;173.0360566287;166.6276477627;168.0381169658;1621130853.81;82124677503.82;"2025-02-23T23:59:59.999Z"
"2025-02-22T00:00:00.000Z";"2025-02-22T23:59:59.999Z";"2025-02-22T13:07:00.000Z";"2025-02-22T00:07:00.000Z";"2781";168.8916248023;174.4655952501;168.3674277272;172.1628530204;2026581265.73;84141464297.48;"2025-02-22T23:59:59.999Z"
"2025-02-21T00:00:00.000Z";"2025-02-21T23:59:59.999Z";"2025-02-21T13:16:00.000Z";"2025-02-21T21:46:00.000Z";"2781";176.0350006792;180.4339635533;167.3050641848;168.8916248023;4684370706.81;82522408925.88;"2025-02-21T23:59:59.999Z"
"2025-02-20T00:00:00.000Z";"2025-02-20T23:59:59.999Z";"2025-02-20T14:38:00.000Z";"2025-02-20T00:39:00.000Z";"2781";169.0053449258;176.5881288588;167.8734583348;176.0488912728;3347070716.55;86012911486.86;"2025-02-20T23:59:59.999Z"
"2025-02-19T00:00:00.000Z";"2025-02-19T23:59:59.999Z";"2025-02-19T11:58:00.000Z";"2025-02-19T05:01:00.000Z";"2781";169.0854387421;174.1214680722;163.959397264;169.0108046936;3717681436.45;82559205747.06;"2025-02-19T23:59:59.999Z"
"2025-02-18T00:00:00.000Z";"2025-02-18T23:59:59.999Z";"2025-02-18T03:11:00.000Z";"2025-02-18T17:35:00.000Z";"2781";177.6886178591;178.9460689529;161.3054462728;169.0842970836;6684824301.25;82598563836.33;"2025-02-18T23:59:59.999Z"
"2025-02-17T00:00:00.000Z";"2025-02-17T23:59:59.999Z";"2025-02-17T01:57:00.000Z";"2025-02-17T19:05:00.000Z";"2781";188.4852122068;189.5064948023;175.2635562747;177.68974;4345262538.81;86781148370.27;"2025-02-17T23:59:59.999Z"
"2025-02-16T00:00:00.000Z";"2025-02-16T23:59:59.999Z";"2025-02-16T06:32:00.000Z";"2025-02-16T21:19:00.000Z";"2781";194.4811497508;196.0703193938;186.9798739766;188.4864071777;2160799161.28;92052456360.83;"2025-02-16T23:59:59.999Z"
"2025-02-15T00:00:00.000Z";"2025-02-15T23:59:59.999Z";"2025-02-15T02:13:00.000Z";"2025-02-15T20:55:00.000Z";"2781";199.8867869824;200.0533899725;192.8137775065;194.4820914038;1869221857.4;94961216162.01;"2025-02-15T23:59:59.999Z"
"2025-02-14T00:00:00.000Z";"2025-02-14T23:59:59.999Z";"2025-02-14T18:15:00.000Z";"2025-02-14T00:01:00.000Z";"2781";194.4545641651;205.1250184446;194.3540560448;199.9356706261;3732334277.44;97602445943.24;"2025-02-14T23:59:59.999Z"
"2025-02-13T00:00:00.000Z";"2025-02-13T23:59:59.999Z";"2025-02-13T04:01:00.000Z";"2025-02-13T14:20:00.000Z";"2781";196.7738089611;198.2607576943;189.4277262026;194.4609463856;2755407328.86;94926942397.94;"2025-02-13T23:59:59.999Z"
"2025-02-12T00:00:00.000Z";"2025-02-12T23:59:59.999Z";"2025-02-12T13:28:00.000Z";"2025-02-12T16:28:00.000Z";"2781";197.9838517113;198.4498146103;189.6084355677;196.7738089611;4290836656.79;96060418541.51;"2025-02-12T23:59:59.999Z"
"2025-02-11T00:00:00.000Z";"2025-02-11T23:59:59.999Z";"2025-02-11T06:55:00.000Z";"2025-02-11T19:49:00.000Z";"2781";200.3589154285;205.9241872723;195.3215036938;197.9823602526;3907611298.74;96629826930.79;"2025-02-11T23:59:59.999Z"
"2025-02-10T00:00:00.000Z";"2025-02-10T23:59:59.999Z";"2025-02-10T14:02:00.000Z";"2025-02-10T02:17:00.000Z";"2781";200.4982417493;208.82749277;196.380770917;200.3563614621;4106376693.71;97756295223.88;"2025-02-10T23:59:59.999Z"
"2025-02-09T00:00:00.000Z";"2025-02-09T23:59:59.999Z";"2025-02-09T05:50:00.000Z";"2025-02-09T21:55:00.000Z";"2781";199.5897934151;207.2746418417;194.2413123881;200.4975647147;3380872964.92;97804214576.7;"2025-02-09T23:59:59.999Z"
"2025-02-08T00:00:00.000Z";"2025-02-08T23:59:59.999Z";"2025-02-08T23:44:00.000Z";"2025-02-08T07:20:00.000Z";"2781";192.2025418278;200.8319733877;190.1287760732;199.599904881;2387525186.39;97363664189.84;"2025-02-08T23:59:59.999Z"
"2025-02-07T00:00:00.000Z";"2025-02-07T23:59:59.999Z";"2025-02-07T15:00:00.000Z";"2025-02-07T22:07:00.000Z";"2781";189.7577114606;203.1505268338;188.4807452974;192.2046479489;4593806343.56;93740476811.96;"2025-02-07T23:59:59.999Z"
"2025-02-06T00:00:00.000Z";"2025-02-06T23:59:59.999Z";"2025-02-06T06:58:00.000Z";"2025-02-06T23:44:00.000Z";"2781";195.9863933354;203.8878222719;188.1655301765;189.7724990838;3936545264.72;92440092503.09;"2025-02-06T23:59:59.999Z"
"2025-02-05T00:00:00.000Z";"2025-02-05T23:59:59.999Z";"2025-02-05T01:07:00.000Z";"2025-02-05T23:34:00.000Z";"2781";207.0770955728;209.318751307;195.3905838353;195.9881444604;3826498436.84;95454043297.28;"2025-02-05T23:59:59.999Z"
"2025-02-04T00:00:00.000Z";"2025-02-04T23:59:59.999Z";"2025-02-04T02:25:00.000Z";"2025-02-04T22:10:00.000Z";"2781";216.1505134441;219.9958754905;202.8488450857;207.0919825396;7328632702.17;100858174904.98;"2025-02-04T23:59:59.999Z"
"2025-02-03T00:00:00.000Z";"2025-02-03T23:59:59.999Z";"2025-02-03T22:31:00.000Z";"2025-02-03T02:10:00.000Z";"2781";203.1215086311;218.6476963896;180.4093038176;216.1495835976;15260840771.63;105256371360.93;"2025-02-03T23:59:59.999Z"
"2025-02-02T00:00:00.000Z";"2025-02-02T23:59:59.999Z";"2025-02-02T01:11:00.000Z";"2025-02-02T22:43:00.000Z";"2781";213.7809408606;218.3843823657;195.4492358627;203.1196319895;8432593479.82;98915517662.23;"2025-02-02T23:59:59.999Z"
"2025-02-01T00:00:00.000Z";"2025-02-01T23:59:59.999Z";"2025-02-01T01:43:00.000Z";"2025-02-01T23:28:00.000Z";"2781";231.6406040422;233.8638363691;213.4364011787;213.7850207824;3546350864.38;104082212553.38;"2025-02-01T23:59:59.999Z"
"2025-01-31T00:00:00.000Z";"2025-01-31T23:59:59.999Z";"2025-01-31T13:07:00.000Z";"2025-01-31T21:36:00.000Z";"2781";239.0166971516;241.6666013993;228.4788422453;231.6379113617;4043216054.6;112769096741.27;"2025-01-31T23:59:59.999Z"
"2025-01-30T00:00:00.000Z";"2025-01-30T23:59:59.999Z";"2025-01-30T15:16:00.000Z";"2025-01-30T00:15:00.000Z";"2781";227.9530544446;244.3259626191;227.1376218858;239.0231402888;4636567305.77;116339776360.22;"2025-01-30T23:59:59.999Z"
"2025-01-29T00:00:00.000Z";"2025-01-29T23:59:59.999Z";"2025-01-29T20:35:00.000Z";"2025-01-29T19:31:00.000Z";"2781";227.2027920624;237.709762592;222.923507855;227.9449239503;5385638692.05;110957356400.79;"2025-01-29T23:59:59.999Z"
"2025-01-28T00:00:00.000Z";"2025-01-28T23:59:59.999Z";"2025-01-28T05:52:00.000Z";"2025-01-28T23:37:00.000Z";"2781";235.0729604003;243.8947741631;225.2598643373;227.203964668;5105320113.55;110571298080.07;"2025-01-28T23:59:59.999Z"
"2025-01-27T00:00:00.000Z";"2025-01-27T23:59:59.999Z";"2025-01-27T00:10:00.000Z";"2025-01-27T10:53:00.000Z";"2781";240.8853351869;242.4290187209;221.9753250924;235.0744471732;10736630237.74;114415579876.76;"2025-01-27T23:59:59.999Z"
"2025-01-26T00:00:00.000Z";"2025-01-26T23:59:59.999Z";"2025-01-26T04:38:00.000Z";"2025-01-26T23:59:00.000Z";"2781";256.0738939562;259.6344864949;240.8524300591;240.8834557158;4178231599.51;117213195421.79;"2025-01-26T23:59:59.999Z"
"2025-01-25T00:00:00.000Z";"2025-01-25T23:59:59.999Z";"2025-01-25T18:39:00.000Z";"2025-01-25T10:31:00.000Z";"2781";253.3663125793;260.5824843679;246.6591132942;256.0735783773;5035419721.22;124612593876.77;"2025-01-25T23:59:59.999Z"
"2025-01-24T00:00:00.000Z";"2025-01-24T23:59:59.999Z";"2025-01-24T14:46:00.000Z";"2025-01-24T02:51:00.000Z";"2781";253.4552066982;269.8057767818;247.6314770611;253.3612185266;7483041552.64;123270826520.85;"2025-01-24T23:59:59.999Z"
"2025-01-23T00:00:00.000Z";"2025-01-23T23:59:59.999Z";"2025-01-23T00:08:00.000Z";"2025-01-23T13:22:00.000Z";"2781";257.2362323367;258.1291376137;242.4961846999;253.4552066982;9264528948.67;123317792687.36;"2025-01-23T23:59:59.999Z"
"2025-01-22T00:00:00.000Z";"2025-01-22T23:59:59.999Z";"2025-01-22T20:39:00.000Z";"2025-01-22T00:10:00.000Z";"2781";250.4137871344;271.5300289489;248.751599439;257.2373558994;8880832578.32;125142976485.04;"2025-01-22T23:59:59.999Z"
"2025-01-21T00:00:00.000Z";"2025-01-21T23:59:59.999Z";"2025-01-21T18:58:00.000Z";"2025-01-21T06:03:00.000Z";"2781";242.2365269739;259.8293420449;231.6759255068;250.4137871344;10694802908.85;121857670001.34;"2025-01-21T23:59:59.999Z"
"2025-01-20T00:00:00.000Z";"2025-01-20T23:59:59.999Z";"2025-01-20T09:11:00.000Z";"2025-01-20T03:03:00.000Z";"2781";250.6249672916;272.1530321621;231.6345582781;242.2502348668;22690757560.56;117862661328.13;"2025-01-20T23:59:59.999Z"
"2025-01-19T00:00:00.000Z";"2025-01-19T23:59:59.999Z";"2025-01-19T11:16:00.000Z";"2025-01-19T23:34:00.000Z";"2781";261.8724251599;294.3349487093;239.6105735106;250.5863586567;33172955666.55;121957297708.04;"2025-01-19T23:59:59.999Z"
"2025-01-18T00:00:00.000Z";"2025-01-18T23:59:59.999Z";"2025-01-18T16:10:00.000Z";"2025-01-18T02:32:00.000Z";"2781";219.6206921388;268.746594634;217.5750475698;261.8697501335;23186958911.65;127419263122.26;"2025-01-18T23:59:59.999Z"
"2025-01-17T00:00:00.000Z";"2025-01-17T23:59:59.999Z";"2025-01-17T13:47:00.000Z";"2025-01-17T00:34:00.000Z";"2781";211.2284052458;221.8524166794;209.969249659;219.621604838;5118230275.27;106865949997.28;"2025-01-17T23:59:59.999Z"
"2025-01-16T00:00:00.000Z";"2025-01-16T23:59:59.999Z";"2025-01-16T12:49:00.000Z";"2025-01-16T09:08:00.000Z";"2781";205.9219700624;216.8399544108;198.662514787;211.2278501476;6099125466.96;102762068172.35;"2025-01-16T23:59:59.999Z"
"2025-01-15T00:00:00.000Z";"2025-01-15T23:59:59.999Z";"2025-01-15T23:59:00.000Z";"2025-01-15T11:35:00.000Z";"2781";187.4981876237;205.9349573452;186.0029874793;205.911338619;4071481523.31;99770405929.12;"2025-01-15T23:59:59.999Z"
"2025-01-14T00:00:00.000Z";"2025-01-14T23:59:59.999Z";"2025-01-14T14:42:00.000Z";"2025-01-14T00:19:00.000Z";"2781";182.8329993576;189.9373111118;181.9566722439;187.4985936898;2748310370.97;90824316789.19;"2025-01-14T23:59:59.999Z"
"2025-01-13T00:00:00.000Z";"2025-01-13T23:59:59.999Z";"2025-01-13T00:37:00.000Z";"2025-01-13T14:37:00.000Z";"2781";188.5509235611;191.7751735021;170.628981331;182.8353617277;5225490857.92;88566561150.47;"2025-01-13T23:59:59.999Z"
"2025-01-12T00:00:00.000Z";"2025-01-12T23:59:59.999Z";"2025-01-12T15:55:00.000Z";"2025-01-12T09:40:00.000Z";"2781";187.9953330201;190.7491773397;185.252281047;188.5603798994;1544086707.65;91296616716.69;"2025-01-12T23:59:59.999Z"
"2025-01-11T00:00:00.000Z";"2025-01-11T23:59:59.999Z";"2025-01-11T21:52:00.000Z";"2025-01-11T10:43:00.000Z";"2781";187.5711792544;191.7188079054;184.2774289161;187.995517663;2174290937.45;91029934062.88;"2025-01-11T23:59:59.999Z"
"2025-01-10T00:00:00.000Z";"2025-01-10T23:59:59.999Z";"2025-01-10T11:07:00.000Z";"2025-01-10T15:16:00.000Z";"2781";185.0131354992;192.7563184535;183.8667575696;187.5791772818;3739014099.66;90735149569.34;"2025-01-10T23:59:59.999Z"
"2025-01-09T00:00:00.000Z";"2025-01-09T23:59:59.999Z";"2025-01-09T01:30:00.000Z";"2025-01-09T20:40:00.000Z";"2781";197.559057878;198.9010000256;182.3223275146;185.0252807431;3815664216.23;89498666785.93;"2025-01-09T23:59:59.999Z"
"2025-01-08T00:00:00.000Z";"2025-01-08T23:59:59.999Z";"2025-01-08T00:40:00.000Z";"2025-01-08T17:38:00.000Z";"2781";202.2278750451;203.0603183409;188.9578856037;197.559057878;5028291857.93;95549054539.15;"2025-01-08T23:59:59.999Z"
"2025-01-07T00:00:00.000Z";"2025-01-07T23:59:59.999Z";"2025-01-07T00:37:00.000Z";"2025-01-07T22:04:00.000Z";"2781";218.4129310916;219.1423066981;202.1249156831;202.2302488274;4360983978.18;97809810767.01;"2025-01-07T23:59:59.999Z"
"2025-01-06T00:00:00.000Z";"2025-01-06T23:59:59.999Z";"2025-01-06T16:14:00.000Z";"2025-01-06T01:22:00.000Z";"2781";213.394829439;222.9529720998;211.6531295986;218.7231332726;3408034918.57;105640634198.23;"2025-01-06T23:59:59.999Z"
"2025-01-05T00:00:00.000Z";"2025-01-05T23:59:59.999Z";"2025-01-05T04:30:00.000Z";"2025-01-05T18:18:00.000Z";"2781";216.6227588512;218.8784085876;211.7652260174;213.3936291971;2403765298.79;103069505007.92;"2025-01-05T23:59:59.999Z"
"2025-01-04T00:00:00.000Z";"2025-01-04T23:59:59.999Z";"2025-01-04T02:55:00.000Z";"2025-01-04T15:44:00.000Z";"2781";217.7480456956;217.905045974;213.8314461399;216.6229286744;2432220391.04;104633761869.53;"2025-01-04T23:59:59.999Z"
"2025-01-03T00:00:00.000Z";"2025-01-03T23:59:59.999Z";"2025-01-03T16:41:00.000Z";"2025-01-03T01:40:00.000Z";"2781";207.7676139684;219.5595311622;205.6523985139;217.7473329295;4064420852.25;105153226132.56;"2025-01-03T23:59:59.999Z"
"2025-01-02T00:00:00.000Z";"2025-01-02T23:59:59.999Z";"2025-01-02T12:17:00.000Z";"2025-01-02T00:22:00.000Z";"2781";193.8721271128;209.0667315053;193.258525269;207.7670433983;4230329836.53;100336782059.51;"2025-01-02T23:59:59.999Z"
"2025-01-01T00:00:00.000Z";"2025-01-01T23:59:59.999Z";"2025-01-01T21:25:00.000Z";"2025-01-01T09:42:00.000Z";"2781";189.2669159895;194.8184925138;187.8794618616;193.8737343627;2324231667.55;93605026269.06;"2025-01-01T23:59:59.999Z"
"2024-12-31T00:00:00.000Z";"2024-12-31T23:59:59.999Z";"2024-12-31T16:55:00.000Z";"2024-12-31T05:22:00.000Z";"2781";191.0452984601;198.6783891174;187.9798765666;189.2644755203;3276526561.36;91366551209.26;"2024-12-31T23:59:59.999Z"
"2024-12-30T00:00:00.000Z";"2024-12-30T23:59:59.999Z";"2024-12-30T20:04:00.000Z";"2024-12-30T15:35:00.000Z";"2781";189.7442068798;196.1229167015;185.937599705;191.028044044;3246300053.66;91650550324.67;"2024-12-30T23:59:59.999Z"
"2024-12-29T00:00:00.000Z";"2024-12-29T23:59:59.999Z";"2024-12-29T14:08:00.000Z";"2024-12-29T23:25:00.000Z";"2781";195.0224435484;197.1810834609;188.3410062105;189.7442650394;2165753102.23;91028686553.81;"2024-12-29T23:59:59.999Z"
"2024-12-28T00:00:00.000Z";"2024-12-28T23:59:59.999Z";"2024-12-28T22:55:00.000Z";"2024-12-28T00:00:00.000Z";"2781";183.8333883246;195.4354356325;183.8333256491;195.0135332797;2158687216.86;93539624674.84;"2024-12-28T23:59:59.999Z"
"2024-12-27T00:00:00.000Z";"2024-12-27T23:59:59.999Z";"2024-12-27T09:42:00.000Z";"2024-12-27T16:25:00.000Z";"2781";188.2165545448;193.7533562091;182.9471252062;183.8284695442;2788285851.17;88175075788.9;"2024-12-27T23:59:59.999Z"
"2024-12-26T00:00:00.000Z";"2024-12-26T23:59:59.999Z";"2024-12-26T00:20:00.000Z";"2024-12-26T21:17:00.000Z";"2781";197.475154441;199.397980471;186.8555914595;188.2181083154;2864701218.97;90257160443.32;"2024-12-26T23:59:59.999Z"
"2024-12-25T00:00:00.000Z";"2024-12-25T23:59:59.999Z";"2024-12-25T02:58:00.000Z";"2024-12-25T12:07:00.000Z";"2781";196.9913683527;201.6346435204;195.3530411025;197.4790843317;2688415733.44;94699534476.13;"2024-12-25T23:59:59.999Z"
"2024-12-24T00:00:00.000Z";"2024-12-24T23:59:59.999Z";"2024-12-24T15:46:00.000Z";"2024-12-24T02:22:00.000Z";"2781";189.7536964316;198.696135467;186.1152979194;196.9890350074;3412375255;94445852512.36;"2024-12-24T23:59:59.999Z"
"2024-12-23T00:00:00.000Z";"2024-12-23T23:59:59.999Z";"2024-12-23T21:23:00.000Z";"2024-12-23T01:22:00.000Z";"2781";180.1742823535;193.0481384415;176.718890973;189.7536964316;4922594345.21;90977800920.6;"2024-12-23T23:59:59.999Z"
"2024-12-22T00:00:00.000Z";"2024-12-22T23:59:59.999Z";"2024-12-22T12:36:00.000Z";"2024-12-22T20:12:00.000Z";"2781";181.2868274363;187.5334660962;177.1340671207;180.1689091929;4001292417.03;86365287665.64;"2024-12-22T23:59:59.999Z"
"2024-12-21T00:00:00.000Z";"2024-12-21T23:59:59.999Z";"2024-12-21T07:45:00.000Z";"2024-12-21T19:40:00.000Z";"2781";194.2074003996;201.6316951921;178.7400492157;181.3014576996;5368845729.76;86901429749.8;"2024-12-21T23:59:59.999Z"
"2024-12-20T00:00:00.000Z";"2024-12-20T23:59:59.999Z";"2024-12-20T02:52:00.000Z";"2024-12-20T12:02:00.000Z";"2781";194.282274294;199.3621949798;175.9051614776;194.208168826;9600073164.95;93074154726.25;"2024-12-20T23:59:59.999Z"
"2024-12-19T00:00:00.000Z";"2024-12-19T23:59:59.999Z";"2024-12-19T07:59:00.000Z";"2024-12-19T19:56:00.000Z";"2781";206.3828149661;211.9952101277;188.0275225778;194.2845120361;8043974298.64;93112809377.21;"2024-12-19T23:59:59.999Z"
"2024-12-18T00:00:00.000Z";"2024-12-18T23:59:59.999Z";"2024-12-18T00:19:00.000Z";"2024-12-18T23:49:00.000Z";"2781";222.8231788329;225.8943884796;205.0048748711;206.3817427106;6888988933.41;98890061656.93;"2024-12-18T23:59:59.999Z"
"2024-12-17T00:00:00.000Z";"2024-12-17T23:59:59.999Z";"2024-12-17T18:49:00.000Z";"2024-12-17T01:05:00.000Z";"2781";216.3337722003;228.6862904253;211.9096335654;222.8167255116;6445051900.21;106773065863.88;"2024-12-17T23:59:59.999Z"
"2024-12-16T00:00:00.000Z";"2024-12-16T23:59:59.999Z";"2024-12-16T00:52:00.000Z";"2024-12-16T13:08:00.000Z";"2781";223.6561243224;227.0447755881;213.4823982035;216.3349672914;5071129914.38;103653394018.93;"2024-12-16T23:59:59.999Z"
"2024-12-15T00:00:00.000Z";"2024-12-15T23:59:59.999Z";"2024-12-15T23:53:00.000Z";"2024-12-15T07:46:00.000Z";"2781";219.8407533561;225.0666583282;215.9107339117;223.657667657;2969473029.67;107163749523.11;"2024-12-15T23:59:59.999Z"
"2024-12-14T00:00:00.000Z";"2024-12-14T23:59:59.999Z";"2024-12-14T06:23:00.000Z";"2024-12-14T20:57:00.000Z";"2781";224.8372944746;227.2419457349;215.3442375077;219.8407533561;2925240729.52;105308598558.2;"2024-12-14T23:59:59.999Z"
"2024-12-13T00:00:00.000Z";"2024-12-13T23:59:59.999Z";"2024-12-13T02:50:00.000Z";"2024-12-13T16:07:00.000Z";"2781";227.0267117883;228.2730504151;220.8247147378;224.8372944746;4029626622.82;107701042249.57;"2024-12-13T23:59:59.999Z"
"2024-12-12T00:00:00.000Z";"2024-12-12T23:59:59.999Z";"2024-12-12T18:03:00.000Z";"2024-12-12T01:56:00.000Z";"2781";227.4451135197;234.333219346;225.9518910687;227.0267117883;4935392004.77;108715974054.28;"2024-12-12T23:59:59.999Z"
"2024-12-11T00:00:00.000Z";"2024-12-11T23:59:59.999Z";"2024-12-11T20:29:00.000Z";"2024-12-11T00:47:00.000Z";"2781";213.835218849;230.5073687283;211.9931768302;227.4468426237;5615074058.06;108918817568.72;"2024-12-11T23:59:59.999Z"
"2024-12-10T00:00:00.000Z";"2024-12-10T23:59:59.999Z";"2024-12-10T00:39:00.000Z";"2024-12-10T18:13:00.000Z";"2781";217.3289417944;220.7409812579;203.7238245626;213.8246219848;8419973003.79;101806840801.62;"2024-12-10T23:59:59.999Z"
"2024-12-09T00:00:00.000Z";"2024-12-09T23:59:59.999Z";"2024-12-09T00:00:00.000Z";"2024-12-09T21:09:00.000Z";"2781";237.4574367283;237.4574367283;209.7061276359;217.3414682818;8610208198.4;103472461861.07;"2024-12-09T23:59:59.999Z"
"2024-12-08T00:00:00.000Z";"2024-12-08T23:59:59.999Z";"2024-12-08T02:31:00.000Z";"2024-12-08T09:57:00.000Z";"2781";239.4851700856;241.4407138637;233.7133739422;236.6723255582;3204778348.65;112662507564.09;"2024-12-08T23:59:59.999Z"
"2024-12-07T00:00:00.000Z";"2024-12-07T23:59:59.999Z";"2024-12-07T21:10:00.000Z";"2024-12-07T03:25:00.000Z";"2781";237.0510703082;243.1240213446;234.659052513;238.5479615182;4003422914.32;113550426609.2;"2024-12-07T23:59:59.999Z"
"2024-12-06T00:00:00.000Z";"2024-12-06T23:59:59.999Z";"2024-12-06T01:32:00.000Z";"2024-12-06T13:03:00.000Z";"2781";236.5414808966;246.4186514361;231.4259602247;237.0510703082;6726557034.15;112705632125.11;"2024-12-06T23:59:59.999Z"
"2024-12-05T00:00:00.000Z";"2024-12-05T23:59:59.999Z";"2024-12-05T12:28:00.000Z";"2024-12-05T01:28:00.000Z";"2781";229.1193897301;244.6809571651;223.4605362277;233.9987003666;8820663278.76;111247373459.21;"2024-12-05T23:59:59.999Z"
"2024-12-04T00:00:00.000Z";"2024-12-04T23:59:59.999Z";"2024-12-04T05:19:00.000Z";"2024-12-04T17:19:00.000Z";"2781";234.2003156236;240.7195922402;225.2549116036;229.1192886389;6569129895.66;108913388188.85;"2024-12-04T23:59:59.999Z"
"2024-12-03T00:00:00.000Z";"2024-12-03T23:59:59.999Z";"2024-12-03T21:56:00.000Z";"2024-12-03T14:37:00.000Z";"2781";225.7685644243;239.2725157501;216.473030362;234.2003156236;8404095315.37;111302903160.88;"2024-12-03T23:59:59.999Z"
"2024-12-02T00:00:00.000Z";"2024-12-02T23:59:59.999Z";"2024-12-02T02:02:00.000Z";"2024-12-02T18:01:00.000Z";"2781";237.0654351069;237.8766105463;220.5511856224;225.7561949157;7374176294.67;107299929555.61;"2024-12-02T23:59:59.999Z"
"2024-12-01T00:00:00.000Z";"2024-12-01T23:59:59.999Z";"2024-12-01T00:37:00.000Z";"2024-12-01T03:00:00.000Z";"2781";237.743828143;239.8065745464;234.5303889278;237.0699247313;3726118865.97;112643053873.49;"2024-12-01T23:59:59.999Z"
"2024-11-30T00:00:00.000Z";"2024-11-30T23:59:59.999Z";"2024-11-30T08:40:00.000Z";"2024-11-30T23:59:00.000Z";"2781";243.5488358367;245.2368836685;237.7225353322;237.743748249;3549156564.14;112945731748.69;"2024-11-30T23:59:59.999Z"
"2024-11-29T00:00:00.000Z";"2024-11-29T23:59:59.999Z";"2024-11-29T12:11:00.000Z";"2024-11-29T01:20:00.000Z";"2781";237.7639813898;246.7762963841;236.8212414679;243.5494951774;4152396835.15;115656693234.89;"2024-11-29T23:59:59.999Z"
"2024-11-28T00:00:00.000Z";"2024-11-28T23:59:59.999Z";"2024-11-28T00:47:00.000Z";"2024-11-28T15:55:00.000Z";"2781";242.3004537327;245.2044590618;233.2028665988;237.7640140991;4047310070.21;112914824463.62;"2024-11-28T23:59:59.999Z"
"2024-11-27T00:00:00.000Z";"2024-11-27T23:59:59.999Z";"2024-11-27T23:46:00.000Z";"2024-11-27T05:23:00.000Z";"2781";230.9722099779;243.1247977144;228.130057386;242.3022187293;5381404312.15;115044588555.37;"2024-11-27T23:59:59.999Z"
"2024-11-26T00:00:00.000Z";"2024-11-26T23:59:59.999Z";"2024-11-26T06:31:00.000Z";"2024-11-26T11:33:00.000Z";"2781";234.4456741102;239.6377977318;222.9572023311;230.9782013738;6996936265.12;109670601208.73;"2024-11-26T23:59:59.999Z"
"2024-11-25T00:00:00.000Z";"2024-11-25T23:59:59.999Z";"2024-11-25T09:22:00.000Z";"2024-11-25T22:40:00.000Z";"2781";252.9160620047;256.4227093523;231.5519922113;234.4466044915;6616015634.52;111295197217.74;"2024-11-25T23:59:59.999Z"
"2024-11-24T00:00:00.000Z";"2024-11-24T23:59:59.999Z";"2024-11-24T01:14:00.000Z";"2024-11-24T12:46:00.000Z";"2781";255.1785179074;259.625634643;243.1221669872;252.9195255835;5330146683.32;120055808396.61;"2024-11-24T23:59:59.999Z"
"2024-11-23T00:00:00.000Z";"2024-11-23T23:59:59.999Z";"2024-11-23T04:43:00.000Z";"2024-11-23T20:31:00.000Z";"2781";256.51816209;263.8315458431;253.1874316959;255.1785179074;6234742857.66;121118167396.94;"2024-11-23T23:59:59.999Z"
"2024-11-22T00:00:00.000Z";"2024-11-22T23:59:59.999Z";"2024-11-22T03:29:00.000Z";"2024-11-22T18:55:00.000Z";"2781";257.081420407;263.7008740112;252.1354165248;256.5186638675;7249493782.5;121762443512.96;"2024-11-22T23:59:59.999Z"
"2024-11-21T00:00:00.000Z";"2024-11-21T23:59:59.999Z";"2024-11-21T19:16:00.000Z";"2024-11-21T02:44:00.000Z";"2781";235.4274056553;259.0535598275;230.3415731162;257.0658785958;10735314059.65;122006531826.7;"2024-11-21T23:59:59.999Z"
"2024-11-20T00:00:00.000Z";"2024-11-20T23:59:59.999Z";"2024-11-20T14:12:00.000Z";"2024-11-20T03:37:00.000Z";"2781";238.0925807662;242.1078819154;230.9105599864;235.4236566698;6454141445;111737157015.35;"2024-11-20T23:59:59.999Z"
"2024-11-19T00:00:00.000Z";"2024-11-19T23:59:59.999Z";"2024-11-19T12:08:00.000Z";"2024-11-19T22:34:00.000Z";"2781";239.8008905753;247.0905667634;234.1530641274;238.0975461465;6711919414.19;113014230322.24;"2024-11-19T23:59:59.999Z"
"2024-11-18T00:00:00.000Z";"2024-11-18T23:59:59.999Z";"2024-11-18T10:56:00.000Z";"2024-11-18T00:56:00.000Z";"2781";237.575528406;248.1928162967;234.4010480194;239.7942522866;8798714212.77;113803587781.25;"2024-11-18T23:59:59.999Z"
"2024-11-17T00:00:00.000Z";"2024-11-17T23:59:59.999Z";"2024-11-17T08:44:00.000Z";"2024-11-17T02:17:00.000Z";"2781";215.8477960379;241.235331619;212.7281694523;237.575528406;9981076721.73;112756377394.86;"2024-11-17T23:59:59.999Z"
"2024-11-16T00:00:00.000Z";"2024-11-16T23:59:59.999Z";"2024-11-16T05:37:00.000Z";"2024-11-16T16:09:00.000Z";"2781";218.5693711238;221.6623697385;213.8047717375;215.8488273288;4698955745.43;101875891973.71;"2024-11-16T23:59:59.999Z"
"2024-11-15T00:00:00.000Z";"2024-11-15T23:59:59.999Z";"2024-11-15T22:43:00.000Z";"2024-11-15T04:52:00.000Z";"2781";209.2362381869;219.538787122;204.8280183053;218.0949027165;6109860311.08;102956175562.37;"2024-11-15T23:59:59.999Z"
"2024-11-14T00:00:00.000Z";"2024-11-14T23:59:59.999Z";"2024-11-14T09:28:00.000Z";"2024-11-14T23:43:00.000Z";"2781";215.1844706781;222.6391491202;207.4968042688;209.219074833;8094554275.15;98747160475.69;"2024-11-14T23:59:59.999Z"
"2024-11-13T00:00:00.000Z";"2024-11-13T23:59:59.999Z";"2024-11-13T17:18:00.000Z";"2024-11-13T04:53:00.000Z";"2781";212.2080149942;220.3391885387;201.4705777386;215.1845608449;11296665807.73;101568612058.37;"2024-11-13T23:59:59.999Z"
"2024-11-12T00:00:00.000Z";"2024-11-12T23:59:59.999Z";"2024-11-12T09:03:00.000Z";"2024-11-12T13:54:00.000Z";"2781";222.6416730626;225.0115247926;205.4478575114;212.2318090899;11308516682.3;100142981142.99;"2024-11-12T23:59:59.999Z"
"2024-11-11T00:00:00.000Z";"2024-11-11T23:59:59.999Z";"2024-11-11T23:26:00.000Z";"2024-11-11T05:41:00.000Z";"2781";210.6137295645;223.2198010881;204.562297764;222.6416730626;10290809023.46;105070241080.14;"2024-11-11T23:59:59.999Z"
"2024-11-10T00:00:00.000Z";"2024-11-10T23:59:59.999Z";"2024-11-10T17:56:00.000Z";"2024-11-10T00:12:00.000Z";"2781";200.195955438;215.1790784919;198.9831014972;210.6137295645;8564655764.61;99334998768.58;"2024-11-10T23:59:59.999Z"
"2024-11-09T00:00:00.000Z";"2024-11-09T23:59:59.999Z";"2024-11-09T11:00:00.000Z";"2024-11-09T17:18:00.000Z";"2781";199.9396102038;203.3472921392;195.4741099969;200.1949112267;3363617004.23;94424338652.73;"2024-11-09T23:59:59.999Z"
"2024-11-08T00:00:00.000Z";"2024-11-08T23:59:59.999Z";"2024-11-08T14:10:00.000Z";"2024-11-08T03:01:00.000Z";"2781";196.3345906859;204.9697585053;196.023737314;199.9390103901;5673142494.96;94306649563.89;"2024-11-08T23:59:59.999Z"
"2024-11-07T00:00:00.000Z";"2024-11-07T23:59:59.999Z";"2024-11-07T21:10:00.000Z";"2024-11-07T12:01:00.000Z";"2781";186.954788082;197.9009408375;186.1360475607;196.3345906859;4700842779.96;92585086179.01;"2024-11-07T23:59:59.999Z"
"2024-11-06T00:00:00.000Z";"2024-11-06T23:59:59.999Z";"2024-11-06T22:43:00.000Z";"2024-11-06T00:11:00.000Z";"2781";166.7224014224;189.9154849833;166.6982483889;186.954788082;9822932731.03;88058563960.61;"2024-11-06T23:59:59.999Z"
"2024-11-05T00:00:00.000Z";"2024-11-05T23:59:59.999Z";"2024-11-05T17:09:00.000Z";"2024-11-05T01:38:00.000Z";"2781";157.7471053445;169.1266523759;156.9881950906;166.7224014224;3243848057.37;78511122753.24;"2024-11-05T23:59:59.999Z"
"2024-11-04T00:00:00.000Z";"2024-11-04T23:59:59.999Z";"2024-11-04T03:04:00.000Z";"2024-11-04T21:59:00.000Z";"2781";162.551697336;164.7139042535;155.1655239191;157.7471053445;2809006699.93;74286136208.33;"2024-11-04T23:59:59.999Z"
"2024-11-03T00:00:00.000Z";"2024-11-03T23:59:59.999Z";"2024-11-03T00:33:00.000Z";"2024-11-03T15:14:00.000Z";"2781";166.0103487579;166.3763344583;158.1367705351;162.551297336;2645801645.75;76531617920.46;"2024-11-03T23:59:59.999Z"
"2024-11-02T00:00:00.000Z";"2024-11-02T23:59:59.999Z";"2024-11-02T02:31:00.000Z";"2024-11-02T15:13:00.000Z";"2781";166.2621267472;168.4605765161;162.3870199697;166.0103487579;1618170398.47;78161516157.4;"2024-11-02T23:59:59.999Z"
"2024-11-01T00:00:00.000Z";"2024-11-01T23:59:59.999Z";"2024-11-01T14:22:00.000Z";"2024-11-01T16:02:00.000Z";"2781";168.430223231;173.850024498;164.0325530266;166.2621267472;3157093059.71;78282380191.8;"2024-11-01T23:59:59.999Z"
"2024-10-31T00:00:00.000Z";"2024-10-31T23:59:59.999Z";"2024-10-31T02:38:00.000Z";"2024-10-31T22:27:00.000Z";"2781";174.9250832517;176.2798501385;167.5767892017;168.4299949144;2652620405.81;79226864991.17;"2024-10-31T23:59:59.999Z"
"2024-10-30T00:00:00.000Z";"2024-10-30T23:59:59.999Z";"2024-10-30T05:14:00.000Z";"2024-10-30T20:13:00.000Z";"2781";179.3607483503;181.1526673634;173.3993951432;174.9249779885;2772422772.99;82280136099.12;"2024-10-30T23:59:59.999Z"
"2024-10-29T00:00:00.000Z";"2024-10-29T23:59:59.999Z";"2024-10-29T16:55:00.000Z";"2024-10-29T20:27:00.000Z";"2781";178.1036381993;183.039437932;176.8554772938;179.3607483503;3919545873.3;84346383406.2;"2024-10-29T23:59:59.999Z"
"2024-10-28T00:00:00.000Z";"2024-10-28T23:59:59.999Z";"2024-10-28T22:28:00.000Z";"2024-10-28T17:08:00.000Z";"2781";176.5536776643;179.4079787579;172.8722493251;178.104910434;3623055701.39;83758559728.48;"2024-10-28T23:59:59.999Z"
"2024-10-27T00:00:00.000Z";"2024-10-27T23:59:59.999Z";"2024-10-27T23:04:00.000Z";"2024-10-27T00:19:00.000Z";"2781";170.7059571882;177.8951504347;170.192448667;176.5491896419;2427933420.05;83010872581.09;"2024-10-27T23:59:59.999Z"
"2024-10-26T00:00:00.000Z";"2024-10-26T23:59:59.999Z";"2024-10-26T21:37:00.000Z";"2024-10-26T02:14:00.000Z";"2781";164.7560032586;172.8228336075;162.4433660092;170.7059571882;2755373491.55;80264154878.61;"2024-10-26T23:59:59.999Z"
"2024-10-25T00:00:00.000Z";"2024-10-25T23:59:59.999Z";"2024-10-25T00:05:00.000Z";"2024-10-25T23:25:00.000Z";"2781";177.1571327074;177.1919430987;160.0352745862;164.756893108;4869966180.41;77465876123.89;"2024-10-25T23:59:59.999Z"
"2024-10-24T00:00:00.000Z";"2024-10-24T23:59:59.999Z";"2024-10-24T22:50:00.000Z";"2024-10-24T00:25:00.000Z";"2781";171.1108632446;178.9953061723;170.5173768822;177.1569403997;3529481044.48;83280052149.31;"2024-10-24T23:59:59.999Z"
"2024-10-23T00:00:00.000Z";"2024-10-23T23:59:59.999Z";"2024-10-23T20:42:00.000Z";"2024-10-23T09:13:00.000Z";"2781";167.26063102;173.8150160469;164.1938211433;170.9324925334;3861697574.51;80357899591.68;"2024-10-23T23:59:59.999Z"
"2024-10-22T00:00:00.000Z";"2024-10-22T23:59:59.999Z";"2024-10-22T15:05:00.000Z";"2024-10-22T00:34:00.000Z";"2781";166.2176041685;170.7600820368;163.2853692382;167.2601456823;3470792372;78613008012.25;"2024-10-22T23:59:59.999Z"
"2024-10-21T00:00:00.000Z";"2024-10-21T23:59:59.999Z";"2024-10-21T05:07:00.000Z";"2024-10-21T13:56:00.000Z";"2781";166.9386185531;171.4306627184;161.8104969721;166.2168658825;3924173187.92;78125545441.59;"2024-10-21T23:59:59.999Z"
"2024-10-20T00:00:00.000Z";"2024-10-20T23:59:59.999Z";"2024-10-20T23:37:00.000Z";"2024-10-20T13:30:00.000Z";"2781";159.6412186715;167.5856404697;157.7657324578;166.9398160591;2579198898.89;78447764539.42;"2024-10-20T23:59:59.999Z"
"2024-10-19T00:00:00.000Z";"2024-10-19T23:59:59.999Z";"2024-10-19T23:46:00.000Z";"2024-10-19T12:01:00.000Z";"2781";154.975935952;159.7104158282;153.9128258557;159.6393588637;1440375026.09;75019971193.13;"2024-10-19T23:59:59.999Z"
"2024-10-18T00:00:00.000Z";"2024-10-18T23:59:59.999Z";"2024-10-18T18:38:00.000Z";"2024-10-18T01:02:00.000Z";"2781";150.322700571;156.5374211831;149.7010235809;154.975935952;1754226838.73;72830003198.78;"2024-10-18T23:59:59.999Z"
"2024-10-17T00:00:00.000Z";"2024-10-17T23:59:59.999Z";"2024-10-17T02:01:00.000Z";"2024-10-17T18:37:00.000Z";"2781";154.2381724719;155.5516401946;147.9434982853;150.3160234545;2157747733;70626579002.7;"2024-10-17T23:59:59.999Z"
"2024-10-16T00:00:00.000Z";"2024-10-16T23:59:59.999Z";"2024-10-16T11:34:00.000Z";"2024-10-16T07:18:00.000Z";"2781";154.7206303431;158.1370460151;153.0816923625;154.234226016;2397546607.63;72469382784.64;"2024-10-16T23:59:59.999Z"
"2024-10-15T00:00:00.000Z";"2024-10-15T23:59:59.999Z";"2024-10-15T14:03:00.000Z";"2024-10-15T15:11:00.000Z";"2781";157.4451336168;158.7157606639;150.9095108092;154.7206303431;3451652506.25;72679095651.39;"2024-10-15T23:59:59.999Z"
"2024-10-14T00:00:00.000Z";"2024-10-14T23:59:59.999Z";"2024-10-14T23:03:00.000Z";"2024-10-14T00:20:00.000Z";"2781";147.5702590699;157.7541009021;147.0058364753;157.4451336168;2929339176.28;73960299178.43;"2024-10-14T23:59:59.999Z"
"2024-10-13T00:00:00.000Z";"2024-10-13T23:59:59.999Z";"2024-10-13T22:07:00.000Z";"2024-10-13T15:31:00.000Z";"2781";146.5003390072;148.7133305043;144.6236370412;147.5724387494;1294444110.72;69305184981.96;"2024-10-13T23:59:59.999Z"
"2024-10-12T00:00:00.000Z";"2024-10-12T23:59:59.999Z";"2024-10-12T13:09:00.000Z";"2024-10-12T03:30:00.000Z";"2781";145.3811429828;147.1369020854;144.7617614478;146.5002900319;1118630507.06;68802612898.99;"2024-10-12T23:59:59.999Z"
"2024-10-11T00:00:00.000Z";"2024-10-11T23:59:59.999Z";"2024-10-11T19:13:00.000Z";"2024-10-11T01:36:00.000Z";"2781";138.8867428713;146.4306400712;138.7558586378;145.3811429828;1797846253.18;68279615697.49;"2024-10-11T23:59:59.999Z"
"2024-10-10T00:00:00.000Z";"2024-10-10T23:59:59.999Z";"2024-10-10T05:55:00.000Z";"2024-10-10T18:28:00.000Z";"2781";139.3137585684;140.5805838789;135.582698631;138.8884069163;1770157917.25;65188822118.14;"2024-10-10T23:59:59.999Z"
"2024-10-09T00:00:00.000Z";"2024-10-09T23:59:59.999Z";"2024-10-09T01:39:00.000Z";"2024-10-09T21:01:00.000Z";"2781";143.3953391187;145.1295144762;138.7974344407;139.3155388547;1697499287.16;65390312618.67;"2024-10-09T23:59:59.999Z"
"2024-10-08T00:00:00.000Z";"2024-10-08T23:59:59.999Z";"2024-10-08T02:10:00.000Z";"2024-10-08T15:37:00.000Z";"2781";143.9917949372;145.4487861069;141.2363760444;143.3944278251;1710617951.38;67289754475.31;"2024-10-08T23:59:59.999Z"
"2024-10-07T00:00:00.000Z";"2024-10-07T23:59:59.999Z";"2024-10-07T14:44:00.000Z";"2024-10-07T23:07:00.000Z";"2781";146.4435366746;152.1038409982;143.6045908303;143.9917949372;2678803498.38;67570159832.25;"2024-10-07T23:59:59.999Z"
"2024-10-06T00:00:00.000Z";"2024-10-06T23:59:59.999Z";"2024-10-06T23:46:00.000Z";"2024-10-06T00:11:00.000Z";"2781";142.7117164263;146.6200183613;142.1142357392;146.4423702062;1168715644.91;68621427919.74;"2024-10-06T23:59:59.999Z"
"2024-10-05T00:00:00.000Z";"2024-10-05T23:59:59.999Z";"2024-10-05T08:28:00.000Z";"2024-10-05T21:00:00.000Z";"2781";143.1722728566;144.8342883085;141.1696555454;142.7117389195;1113937759.98;66873896464.31;"2024-10-05T23:59:59.999Z"
"2024-10-04T00:00:00.000Z";"2024-10-04T23:59:59.999Z";"2024-10-04T21:15:00.000Z";"2024-10-04T01:03:00.000Z";"2781";136.7851921568;144.4267873796;136.0756436432;143.1722728566;2361841303.1;67073547889.54;"2024-10-04T23:59:59.999Z"
"2024-10-03T00:00:00.000Z";"2024-10-03T23:59:59.999Z";"2024-10-03T04:01:00.000Z";"2024-10-03T15:45:00.000Z";"2781";140.3848989161;142.8054309247;133.5531694475;136.7851921568;2914986843.76;64082066300.7;"2024-10-03T23:59:59.999Z"
"2024-10-02T00:00:00.000Z";"2024-10-02T23:59:59.999Z";"2024-10-02T06:49:00.000Z";"2024-10-02T20:28:00.000Z";"2781";145.2898891044;148.8256756777;138.9187518511;140.3855565557;2892264150.13;65770157365.72;"2024-10-02T23:59:59.999Z"
"2024-10-01T00:00:00.000Z";"2024-10-01T23:59:59.999Z";"2024-10-01T11:04:00.000Z";"2024-10-01T20:43:00.000Z";"2781";152.6184651893;157.2581937165;142.8423246866;145.2898891044;3656164855.2;68050751749.64;"2024-10-01T23:59:59.999Z"
"2024-09-30T00:00:00.000Z";"2024-09-30T23:59:59.999Z";"2024-09-30T01:35:00.000Z";"2024-09-30T23:44:00.000Z";"2781";158.6324194551;159.508920537;152.0198315369;152.6184651893;2376780676.31;71458468214.48;"2024-09-30T23:59:59.999Z"
"2024-09-29T00:00:00.000Z";"2024-09-29T23:59:59.999Z";"2024-09-29T21:25:00.000Z";"2024-09-29T08:30:00.000Z";"2781";156.912426828;161.6230691402;155.2430836023;158.6291630934;1773980027.86;74387860148.05;"2024-09-29T23:59:59.999Z"
"2024-09-28T00:00:00.000Z";"2024-09-28T23:59:59.999Z";"2024-09-28T02:38:00.000Z";"2024-09-28T09:10:00.000Z";"2781";157.751903491;159.3452145363;155.2993141249;156.912426828;1300870643.68;73582521743;"2024-09-28T23:59:59.999Z"
"2024-09-27T00:00:00.000Z";"2024-09-27T23:59:59.999Z";"2024-09-27T14:37:00.000Z";"2024-09-27T02:33:00.000Z";"2781";155.5761011165;160.9814071369;154.130275729;157.7499343474;2765830721.44;73957442422.92;"2024-09-27T23:59:59.999Z"
"2024-09-26T00:00:00.000Z";"2024-09-26T23:59:59.999Z";"2024-09-26T15:49:00.000Z";"2024-09-26T00:54:00.000Z";"2781";148.0211009889;157.858151155;146.870756798;155.5761011165;3009969111.1;72939004095.03;"2024-09-26T23:59:59.999Z"
"2024-09-25T00:00:00.000Z";"2024-09-25T23:59:59.999Z";"2024-09-25T01:41:00.000Z";"2024-09-25T23:38:00.000Z";"2781";152.8909680373;153.5476447942;147.4501391254;148.0234293934;2138602627.97;69381169451.3;"2024-09-25T23:59:59.999Z"
"2024-09-24T00:00:00.000Z";"2024-09-24T23:59:59.999Z";"2024-09-24T23:01:00.000Z";"2024-09-24T00:43:00.000Z";"2781";144.8149916463;153.5362871924;143.304137907;152.8921540356;2927238360.02;71664315406.19;"2024-09-24T23:59:59.999Z"
"2024-09-23T00:00:00.000Z";"2024-09-23T23:59:59.999Z";"2024-09-23T03:29:00.000Z";"2024-09-23T21:22:00.000Z";"2781";144.8036532231;148.9704343305;142.6438470483;144.8149916463;2344229720.06;67879454373.62;"2024-09-23T23:59:59.999Z"
"2024-09-22T00:00:00.000Z";"2024-09-22T23:59:59.999Z";"2024-09-22T00:11:00.000Z";"2024-09-22T22:09:00.000Z";"2781";149.5270317319;149.8658284236;141.384610812;144.8036532231;1597826978.93;67855579263.71;"2024-09-22T23:59:59.999Z"
"2024-09-21T00:00:00.000Z";"2024-09-21T23:59:59.999Z";"2024-09-21T23:55:00.000Z";"2024-09-21T04:40:00.000Z";"2781";146.5667988883;149.8364601162;144.7980283769;149.5270317319;1385610389.87;70069507313.5;"2024-09-21T23:59:59.999Z"
"2024-09-20T00:00:00.000Z";"2024-09-20T23:59:59.999Z";"2024-09-20T06:58:00.000Z";"2024-09-20T01:16:00.000Z";"2781";142.8365459141;151.760944681;141.316164551;146.5667988883;3241123620.88;68665047099.56;"2024-09-20T23:59:59.999Z"
"2024-09-19T00:00:00.000Z";"2024-09-19T23:59:59.999Z";"2024-09-19T19:28:00.000Z";"2024-09-19T00:00:00.000Z";"2781";133.9918470013;143.9043703936;133.9918470013;142.8362676789;2884543932.57;66916768474.73;"2024-09-19T23:59:59.999Z"
"2024-09-18T00:00:00.000Z";"2024-09-18T23:59:59.999Z";"2024-09-18T23:59:00.000Z";"2024-09-18T15:47:00.000Z";"2781";131.5370817295;133.9918470013;127.2507626116;133.9918470013;2260675346.56;62757458680.86;"2024-09-18T23:59:59.999Z"
"2024-09-17T00:00:00.000Z";"2024-09-17T23:59:59.999Z";"2024-09-17T15:29:00.000Z";"2024-09-17T01:16:00.000Z";"2781";131.4724360671;135.4871368078;130.4756958738;131.5370817295;1726861491.59;61608060607.74;"2024-09-17T23:59:59.999Z"
"2024-09-16T00:00:00.000Z";"2024-09-16T23:59:59.999Z";"2024-09-16T08:28:00.000Z";"2024-09-16T17:38:00.000Z";"2781";131.4993882044;132.296377407;129.1380817622;131.4725915384;1623218788.84;61558795172.44;"2024-09-16T23:59:59.999Z"
"2024-09-15T00:00:00.000Z";"2024-09-15T23:59:59.999Z";"2024-09-15T02:04:00.000Z";"2024-09-15T23:13:00.000Z";"2781";137.1797839533;137.9234897514;130.9698096788;131.4993882044;1358403273.29;61571695450.6;"2024-09-15T23:59:59.999Z"
"2024-09-14T00:00:00.000Z";"2024-09-14T23:59:59.999Z";"2024-09-14T03:28:00.000Z";"2024-09-14T18:11:00.000Z";"2781";139.1025341108;139.7345785637;135.9435587007;137.1797839533;952465287.85;64215329142.04;"2024-09-14T23:59:59.999Z"
"2024-09-13T00:00:00.000Z";"2024-09-13T23:59:59.999Z";"2024-09-13T22:22:00.000Z";"2024-09-13T12:29:00.000Z";"2781";136.1419106739;139.8325054636;131.8639567294;139.1005471928;1668690413.62;65115750626.56;"2024-09-13T23:59:59.999Z"
"2024-09-12T00:00:00.000Z";"2024-09-12T23:59:59.999Z";"2024-09-12T22:49:00.000Z";"2024-09-12T00:01:00.000Z";"2781";132.4970797795;136.6148065628;132.4433359016;136.1419106739;1597055803.19;63704832621.78;"2024-09-12T23:59:59.999Z"
"2024-09-11T00:00:00.000Z";"2024-09-11T23:59:59.999Z";"2024-09-11T00:50:00.000Z";"2024-09-11T14:49:00.000Z";"2781";135.634942055;135.8038864804;128.4340100848;132.4973887456;2122617674.33;61999701717.22;"2024-09-11T23:59:59.999Z"
"2024-09-10T00:00:00.000Z";"2024-09-10T23:59:59.999Z";"2024-09-10T18:40:00.000Z";"2024-09-10T04:40:00.000Z";"2781";135.0263599157;137.8063548094;132.631093766;135.6352182143;1642358499.59;63444412706.42;"2024-09-10T23:59:59.999Z"
"2024-09-09T00:00:00.000Z";"2024-09-09T23:59:59.999Z";"2024-09-09T21:17:00.000Z";"2024-09-09T15:01:00.000Z";"2781";129.9895158229;136.1865416265;127.2197929898;135.0256230386;2443769043.84;63143700244.45;"2024-09-09T23:59:59.999Z"
"2024-09-08T00:00:00.000Z";"2024-09-08T23:59:59.999Z";"2024-09-08T22:31:00.000Z";"2024-09-08T16:04:00.000Z";"2781";127.7215689185;131.515241282;126.8130293078;129.9895158229;1317794291;60788641467.58;"2024-09-08T23:59:59.999Z"
"2024-09-07T00:00:00.000Z";"2024-09-07T23:59:59.999Z";"2024-09-07T15:40:00.000Z";"2024-09-07T01:55:00.000Z";"2781";124.9900750667;129.2908933218;124.2690794621;127.7215689185;1321261948.97;59713096251.42;"2024-09-07T23:59:59.999Z"
"2024-09-06T00:00:00.000Z";"2024-09-06T23:59:59.999Z";"2024-09-06T13:25:00.000Z";"2024-09-06T21:01:00.000Z";"2781";129.3289512144;134.1680788609;121.0553799707;124.9900750667;3520537698.76;58366039241.12;"2024-09-06T23:59:59.999Z"
"2024-09-05T00:00:00.000Z";"2024-09-05T23:59:59.999Z";"2024-09-05T14:04:00.000Z";"2024-09-05T19:56:00.000Z";"2781";133.604365295;135.0852012386;128.1413760884;129.3289512144;1926178088.37;60376926824.46;"2024-09-05T23:59:59.999Z"
"2024-09-04T00:00:00.000Z";"2024-09-04T23:59:59.999Z";"2024-09-04T16:35:00.000Z";"2024-09-04T01:13:00.000Z";"2781";127.577585154;134.8691730187;123.6129541736;133.6039184068;2663812153.23;62368835150.66;"2024-09-04T23:59:59.999Z"
"2024-09-03T00:00:00.000Z";"2024-09-03T23:59:59.999Z";"2024-09-03T02:21:00.000Z";"2024-09-03T23:59:00.000Z";"2781";135.0023603035;137.144756638;127.5742321488;127.577585154;1787700523.13;59540486915.56;"2024-09-03T23:59:59.999Z"
"2024-09-02T00:00:00.000Z";"2024-09-02T23:59:59.999Z";"2024-09-02T23:35:00.000Z";"2024-09-02T07:49:00.000Z";"2781";128.6905544483;135.3523833124;127.2661967915;135.0023603035;2092221240.58;63005878355.92;"2024-09-02T23:59:59.999Z"
"2024-09-01T00:00:00.000Z";"2024-09-01T23:59:59.999Z";"2024-09-01T20:25:00.000Z";"2024-09-01T23:16:00.000Z";"2781";135.374258799;135.997818379;128.2432515125;128.6905544483;1974170864.7;60044986646.12;"2024-09-01T23:59:59.999Z"
"2024-08-31T00:00:00.000Z";"2024-08-31T23:59:59.999Z";"2024-08-31T00:36:00.000Z";"2024-08-31T20:11:00.000Z";"2781";138.0999965872;138.9922501965;134.6364358105;135.374258799;892155699.16;63146076856.64;"2024-08-31T23:59:59.999Z"
"2024-08-30T00:00:00.000Z";"2024-08-30T23:59:59.999Z";"2024-08-30T00:39:00.000Z";"2024-08-30T16:25:00.000Z";"2781";140.0540257671;141.0131770231;132.4513346513;138.0999965872;2683385690.26;64391712810.93;"2024-08-30T23:59:59.999Z"
"2024-08-29T00:00:00.000Z";"2024-08-29T23:59:59.999Z";"2024-08-29T15:41:00.000Z";"2024-08-29T22:10:00.000Z";"2781";143.8910726285;147.2205850981;138.2660681438;140.0540257671;2098251665.32;65302849764.46;"2024-08-29T23:59:59.999Z"
"2024-08-28T00:00:00.000Z";"2024-08-28T23:59:59.999Z";"2024-08-28T05:25:00.000Z";"2024-08-28T16:24:00.000Z";"2781";146.8970956133;148.6949834186;140.9708131127;143.8913865994;2932401182.22;67092765795.98;"2024-08-28T23:59:59.999Z"
"2024-08-27T00:00:00.000Z";"2024-08-27T23:59:59.999Z";"2024-08-27T05:46:00.000Z";"2024-08-27T22:36:00.000Z";"2781";157.2365797878;159.6235543666;145.6564072174;146.8970956133;2783392784.35;68476945290.7;"2024-08-27T23:59:59.999Z"
"2024-08-26T00:00:00.000Z";"2024-08-26T23:59:59.999Z";"2024-08-26T10:49:00.000Z";"2024-08-26T17:49:00.000Z";"2781";158.9115059066;161.911108083;155.8844859498;157.2368787884;2588808154.89;73297590220.39;"2024-08-26T23:59:59.999Z"
"2024-08-25T00:00:00.000Z";"2024-08-25T23:59:59.999Z";"2024-08-25T22:17:00.000Z";"2024-08-25T07:41:00.000Z";"2781";160.7317437727;161.9479684533;155.5071457451;158.9091253482;2085078554.03;74059730780.65;"2024-08-25T23:59:59.999Z"
"2024-08-24T00:00:00.000Z";"2024-08-24T23:59:59.999Z";"2024-08-24T17:41:00.000Z";"2024-08-24T01:46:00.000Z";"2781";153.1083432378;162.1693262715;152.1520837464;160.7317437727;2749419603.57;74908504760.08;"2024-08-24T23:59:59.999Z"
"2024-08-23T00:00:00.000Z";"2024-08-23T23:59:59.999Z";"2024-08-23T22:11:00.000Z";"2024-08-23T14:53:00.000Z";"2781";143.2579298179;153.7712463697;143.1647800813;153.1070846121;2560976300.32;71336941084.43;"2024-08-23T23:59:59.999Z"
"2024-08-22T00:00:00.000Z";"2024-08-22T23:59:59.999Z";"2024-08-22T12:05:00.000Z";"2024-08-22T02:55:00.000Z";"2781";142.7096112036;144.8132170915;140.9344033331;143.2579298179;1368400828.63;66746734420.74;"2024-08-22T23:59:59.999Z"
"2024-08-21T00:00:00.000Z";"2024-08-21T23:59:59.999Z";"2024-08-21T20:07:00.000Z";"2024-08-21T13:44:00.000Z";"2781";142.3330320786;144.1562953429;139.2665479471;142.7096112036;1923259438.96;66564907034.83;"2024-08-21T23:59:59.999Z"
"2024-08-20T00:00:00.000Z";"2024-08-20T23:59:59.999Z";"2024-08-20T05:25:00.000Z";"2024-08-20T15:08:00.000Z";"2781";144.3468503182;148.6486064121;141.3607056344;143.1677366814;2124392770.31;66777920513.07;"2024-08-20T23:59:59.999Z"
"2024-08-19T00:00:00.000Z";"2024-08-19T23:59:59.999Z";"2024-08-19T17:37:00.000Z";"2024-08-19T10:10:00.000Z";"2781";142.5868822403;145.9236300699;140.7487134263;144.3436922496;2077549615.49;67295621713.75;"2024-08-19T23:59:59.999Z"
"2024-08-18T00:00:00.000Z";"2024-08-18T23:59:59.999Z";"2024-08-18T20:47:00.000Z";"2024-08-18T04:33:00.000Z";"2781";141.7985026448;146.9629748842;140.9596315478;142.5868822403;1866239535.87;66475110938.91;"2024-08-18T23:59:59.999Z"
"2024-08-17T00:00:00.000Z";"2024-08-17T23:59:59.999Z";"2024-08-17T23:17:00.000Z";"2024-08-17T00:37:00.000Z";"2781";139.330563987;141.962822286;137.866302074;141.7985026448;1199702072.67;66107562253.85;"2024-08-17T23:59:59.999Z"
"2024-08-16T00:00:00.000Z";"2024-08-16T23:59:59.999Z";"2024-08-16T06:53:00.000Z";"2024-08-16T17:26:00.000Z";"2781";142.7428739465;144.7954487972;136.3846458369;139.330563987;2707615564.14;64947397201.9;"2024-08-16T23:59:59.999Z"
"2024-08-15T00:00:00.000Z";"2024-08-15T23:59:59.999Z";"2024-08-15T16:24:00.000Z";"2024-08-15T19:10:00.000Z";"2781";143.9226631572;147.3515445493;138.1619295253;142.7458120347;3032770370.65;66637385588.22;"2024-08-15T23:59:59.999Z"
"2024-08-14T00:00:00.000Z";"2024-08-14T23:59:59.999Z";"2024-08-14T12:47:00.000Z";"2024-08-14T22:10:00.000Z";"2781";146.7126977306;151.7260475999;142.7179197695;143.923465195;2714536693.31;67188341952.9;"2024-08-14T23:59:59.999Z"
"2024-08-13T00:00:00.000Z";"2024-08-13T23:59:59.999Z";"2024-08-13T17:04:00.000Z";"2024-08-13T03:52:00.000Z";"2781";146.4545604538;149.6101155556;143.1520264667;146.7126977306;2224488387.84;68491903920.2;"2024-08-13T23:59:59.999Z"
"2024-08-12T00:00:00.000Z";"2024-08-12T23:59:59.999Z";"2024-08-12T11:58:00.000Z";"2024-08-12T00:01:00.000Z";"2781";141.5320759126;150.8146378425;141.4408028314;146.4542413048;3380174341.41;68354642037.72;"2024-08-12T23:59:59.999Z"
"2024-08-11T00:00:00.000Z";"2024-08-11T23:59:59.999Z";"2024-08-11T09:25:00.000Z";"2024-08-11T23:47:00.000Z";"2781";153.9616681994;157.9319006643;141.3482976742;141.5268529939;2411765936.59;66058032038.88;"2024-08-11T23:59:59.999Z"
"2024-08-10T00:00:00.000Z";"2024-08-10T23:59:59.999Z";"2024-08-10T00:25:00.000Z";"2024-08-10T04:52:00.000Z";"2781";156.457221355;158.586062281;152.8730501239;153.9591659966;1662980959.61;71814551428.47;"2024-08-10T23:59:59.999Z"
"2024-08-09T00:00:00.000Z";"2024-08-09T23:59:59.999Z";"2024-08-09T00:01:00.000Z";"2024-08-09T16:05:00.000Z";"2781";162.9307453227;163.2494877865;151.2261313746;156.457221355;3217916997.21;72979939448.85;"2024-08-09T23:59:59.999Z"
"2024-08-08T00:00:00.000Z";"2024-08-08T23:59:59.999Z";"2024-08-08T23:58:00.000Z";"2024-08-08T00:41:00.000Z";"2781";144.6324702433;163.0259164534;142.0199339822;162.9307453227;5385642745.24;75981210094.76;"2024-08-08T23:59:59.999Z"
"2024-08-07T00:00:00.000Z";"2024-08-07T23:59:59.999Z";"2024-08-07T05:40:00.000Z";"2024-08-07T19:36:00.000Z";"2781";144.0882143344;155.0077996319;142.7468997643;144.6320997507;5529725414.13;67449223081.65;"2024-08-07T23:59:59.999Z"
"2024-08-06T00:00:00.000Z";"2024-08-06T23:59:59.999Z";"2024-08-06T22:19:00.000Z";"2024-08-06T00:01:00.000Z";"2781";129.8629460287;149.3529694567;129.7885687267;144.0903684697;5813459735.26;67100013678.46;"2024-08-06T23:59:59.999Z"
"2024-08-05T00:00:00.000Z";"2024-08-05T23:59:59.999Z";"2024-08-05T00:07:00.000Z";"2024-08-05T13:30:00.000Z";"2781";138.0526883909;139.1414643192;110.6095578216;129.8642995638;14114308949.46;60462519125.47;"2024-08-05T23:59:59.999Z"
"2024-08-04T00:00:00.000Z";"2024-08-04T23:59:59.999Z";"2024-08-04T02:36:00.000Z";"2024-08-04T17:46:00.000Z";"2781";142.9219456747;145.8376609995;132.1396716631;138.0550835419;4333596295.62;64260062822.75;"2024-08-04T23:59:59.999Z"
"2024-08-03T00:00:00.000Z";"2024-08-03T23:59:59.999Z";"2024-08-03T00:25:00.000Z";"2024-08-03T18:34:00.000Z";"2781";152.6382267338;153.7768489963;140.2214034091;142.9220023175;3620526646.28;66513581977.59;"2024-08-03T23:59:59.999Z"
"2024-08-02T00:00:00.000Z";"2024-08-02T23:59:59.999Z";"2024-08-02T00:22:00.000Z";"2024-08-02T19:52:00.000Z";"2781";167.6605343842;169.0439627228;150.0849904824;152.6382267338;4507521136.82;71016189250.86;"2024-08-02T23:59:59.999Z"
"2024-08-01T00:00:00.000Z";"2024-08-01T23:59:59.999Z";"2024-08-01T00:08:00.000Z";"2024-08-01T18:46:00.000Z";"2781";171.825661673;172.6898081539;157.988394442;167.672121261;4402828194.29;78006252308.34;"2024-08-01T23:59:59.999Z"
"2024-07-31T00:00:00.000Z";"2024-07-31T23:59:59.999Z";"2024-07-31T09:47:00.000Z";"2024-07-31T23:59:00.000Z";"2781";179.1080545685;184.1794444239;171.8191999948;171.8261566522;3055204208.07;79919194001.38;"2024-07-31T23:59:59.999Z"
"2024-07-30T00:00:00.000Z";"2024-07-30T23:59:59.999Z";"2024-07-30T05:04:00.000Z";"2024-07-30T20:11:00.000Z";"2781";182.7715933719;184.1801369436;176.02242258;179.1071945065;2766172800.22;83252664965.63;"2024-07-30T23:59:59.999Z"
"2024-07-29T00:00:00.000Z";"2024-07-29T23:59:59.999Z";"2024-07-29T05:43:00.000Z";"2024-07-29T23:19:00.000Z";"2781";184.887184947;193.732282549;181.8853636584;182.7806005522;3654304390.91;84956928709.44;"2024-07-29T23:59:59.999Z"
"2024-07-28T00:00:00.000Z";"2024-07-28T23:59:59.999Z";"2024-07-28T13:59:00.000Z";"2024-07-28T05:11:00.000Z";"2781";184.0859927878;186.514618909;181.3953421166;184.8860789446;1852374783;85918799309.86;"2024-07-28T23:59:59.999Z"
"2024-07-27T00:00:00.000Z";"2024-07-27T23:59:59.999Z";"2024-07-27T13:52:00.000Z";"2024-07-27T20:27:00.000Z";"2781";183.1380930411;188.1405942538;178.5983561139;184.0854045531;3248901126;85548816871.93;"2024-07-27T23:59:59.999Z"
"2024-07-26T00:00:00.000Z";"2024-07-26T23:59:59.999Z";"2024-07-26T23:20:00.000Z";"2024-07-26T00:01:00.000Z";"2781";171.962567857;183.5383559016;171.8778947509;183.1367135205;2816314095.24;85087553868.59;"2024-07-26T23:59:59.999Z"
"2024-07-25T00:00:00.000Z";"2024-07-25T23:59:59.999Z";"2024-07-25T00:52:00.000Z";"2024-07-25T20:14:00.000Z";"2781";178.0295209579;179.5209327373;165.9325372669;171.9630805285;4067186719.22;79896509537.33;"2024-07-25T23:59:59.999Z"
"2024-07-24T00:00:00.000Z";"2024-07-24T23:59:59.999Z";"2024-07-24T17:48:00.000Z";"2024-07-24T01:01:00.000Z";"2781";172.7585149877;182.3576122515;171.2104148239;178.032298444;3112174836.25;82694844904.37;"2024-07-24T23:59:59.999Z"
"2024-07-23T00:00:00.000Z";"2024-07-23T23:59:59.999Z";"2024-07-23T00:19:00.000Z";"2024-07-23T17:13:00.000Z";"2781";178.9782855361;180.4961536772;170.9885337694;172.7575696471;3230351478.06;80246884732.55;"2024-07-23T23:59:59.999Z"
"2024-07-22T00:00:00.000Z";"2024-07-22T23:59:59.999Z";"2024-07-22T00:10:00.000Z";"2024-07-22T08:55:00.000Z";"2781";184.5455685191;184.7924648271;177.0441348043;178.9782855361;2808509242.35;83136223897.47;"2024-07-22T23:59:59.999Z"
"2024-07-21T00:00:00.000Z";"2024-07-21T23:59:59.999Z";"2024-07-21T23:07:00.000Z";"2024-07-21T18:13:00.000Z";"2781";173.8937398554;184.8703083292;171.1182103087;184.5416091616;3080452915.44;85691896425.9;"2024-07-21T23:59:59.999Z"
"2024-07-20T00:00:00.000Z";"2024-07-20T23:59:59.999Z";"2024-07-20T22:12:00.000Z";"2024-07-20T13:19:00.000Z";"2781";169.1826130471;174.8312983823;167.5573145767;173.8917905003;1908476088.42;80747106789.8;"2024-07-20T23:59:59.999Z"
"2024-07-19T00:00:00.000Z";"2024-07-19T23:59:59.999Z";"2024-07-19T16:04:00.000Z";"2024-07-19T01:22:00.000Z";"2781";159.0923377611;171.5067484278;156.6065406574;169.1858732371;3617009839.4;78545985950;"2024-07-19T23:59:59.999Z"
"2024-07-18T00:00:00.000Z";"2024-07-18T23:59:59.999Z";"2024-07-18T13:28:00.000Z";"2024-07-18T18:19:00.000Z";"2781";155.5910485765;161.5871629467;155.5660443586;159.0724217568;2044591406.32;73852862860.87;"2024-07-18T23:59:59.999Z"
"2024-07-17T00:00:00.000Z";"2024-07-17T23:59:59.999Z";"2024-07-17T01:19:00.000Z";"2024-07-17T16:48:00.000Z";"2781";160.5632957857;163.5952235677;155.0670286174;155.5840999036;2255652667.36;72215582287.5;"2024-07-17T23:59:59.999Z"
"2024-07-16T00:00:00.000Z";"2024-07-16T23:59:59.999Z";"2024-07-16T19:31:00.000Z";"2024-07-16T08:35:00.000Z";"2781";159.7733302443;162.4695157046;153.0537313322;160.5518767303;3034234774.49;74524644375.66;"2024-07-16T23:59:59.999Z"
"2024-07-15T00:00:00.000Z";"2024-07-15T23:59:59.999Z";"2024-07-15T23:58:00.000Z";"2024-07-15T00:18:00.000Z";"2781";147.6661339905;159.9420596092;147.2028871737;159.9339702596;2580623500.02;74220216539.07;"2024-07-15T23:59:59.999Z"
"2024-07-14T00:00:00.000Z";"2024-07-14T23:59:59.999Z";"2024-07-14T23:43:00.000Z";"2024-07-14T00:00:00.000Z";"2781";141.9266565927;148.5470562345;141.9266565927;147.6223179184;2009294487.59;68505448232.07;"2024-07-14T23:59:59.999Z"
"2024-07-13T00:00:00.000Z";"2024-07-13T23:59:59.999Z";"2024-07-13T23:22:00.000Z";"2024-07-13T05:02:00.000Z";"2781";139.5264047458;143.3674393857;138.1795306404;141.9249728128;1131518483.6;65862711164.67;"2024-07-13T23:59:59.999Z"
"2024-07-12T00:00:00.000Z";"2024-07-12T23:59:59.999Z";"2024-07-12T18:51:00.000Z";"2024-07-12T10:24:00.000Z";"2781";135.8640259827;140.4247779842;134.1591556089;139.5280131014;1990173458;64734373047.03;"2024-07-12T23:59:59.999Z"
"2024-07-11T00:00:00.000Z";"2024-07-11T23:59:59.999Z";"2024-07-11T12:40:00.000Z";"2024-07-11T23:43:00.000Z";"2781";141.9828077147;145.3244281141;135.8475213463;135.8832262687;2286890971.86;63044268449.09;"2024-07-11T23:59:59.999Z"
"2024-07-10T00:00:00.000Z";"2024-07-10T23:59:59.999Z";"2024-07-10T05:10:00.000Z";"2024-07-10T01:05:00.000Z";"2781";141.374149276;145.8537104311;138.8560482655;141.974797594;1952272009.91;65829357256.55;"2024-07-10T23:59:59.999Z"
"2024-07-09T00:00:00.000Z";"2024-07-09T23:59:59.999Z";"2024-07-09T08:46:00.000Z";"2024-07-09T02:04:00.000Z";"2781";139.5373527572;143.9293847985;136.7409378527;141.3484538686;2418798702;65537468013.38;"2024-07-09T23:59:59.999Z"
"2024-07-08T00:00:00.000Z";"2024-07-08T23:59:59.999Z";"2024-07-08T11:52:00.000Z";"2024-07-08T01:06:00.000Z";"2781";131.7970311236;141.6341165884;128.5629264309;139.4637043215;3692404575.4;64646919566.86;"2024-07-08T23:59:59.999Z"
"2024-07-07T00:00:00.000Z";"2024-07-07T23:59:59.999Z";"2024-07-07T00:00:00.000Z";"2024-07-07T23:59:00.000Z";"2781";143.1870599266;143.1870599266;131.7740977167;131.7740977167;1842515124.08;61083183722.35;"2024-07-07T23:59:59.999Z"
"2024-07-06T00:00:00.000Z";"2024-07-06T23:59:59.999Z";"2024-07-06T21:07:00.000Z";"2024-07-06T02:22:00.000Z";"2781";134.3632967815;144.0084732038;132.6132935691;143.2411728827;2078535871.24;66320299709.13;"2024-07-06T23:59:59.999Z"
"2024-07-05T00:00:00.000Z";"2024-07-05T23:59:59.999Z";"2024-07-05T18:58:00.000Z";"2024-07-05T04:20:00.000Z";"2781";127.6050736433;135.8457952758;122.4423092729;134.36934265;4644036182.1;62197196003.43;"2024-07-05T23:59:59.999Z"
"2024-07-04T00:00:00.000Z";"2024-07-04T23:59:59.999Z";"2024-07-04T00:43:00.000Z";"2024-07-04T23:59:00.000Z";"2781";140.7153248502;142.514857984;127.5508228695;127.5508228695;3243822145.02;59041357959.26;"2024-07-04T23:59:59.999Z"
"2024-07-03T00:00:00.000Z";"2024-07-03T23:59:59.999Z";"2024-07-03T00:25:00.000Z";"2024-07-03T21:22:00.000Z";"2781";153.71113289;154.1979942757;139.5172640934;140.7314159023;2813419414.99;65126155301.37;"2024-07-03T23:59:59.999Z"
"2024-07-02T00:00:00.000Z";"2024-07-02T23:59:59.999Z";"2024-07-02T23:22:00.000Z";"2024-07-02T00:20:00.000Z";"2781";146.5885465113;154.7129737996;146.120545793;153.7004815904;2024773532.57;71128871115.97;"2024-07-02T23:59:59.999Z"
"2024-07-01T00:00:00.000Z";"2024-07-01T23:59:59.999Z";"2024-07-01T16:04:00.000Z";"2024-07-01T11:55:00.000Z";"2781";146.4812747584;148.7985062013;145.8228012212;146.5950647859;1814659116.18;67824193216.32;"2024-07-01T23:59:59.999Z"
"2024-06-30T00:00:00.000Z";"2024-06-30T23:59:59.999Z";"2024-06-30T22:40:00.000Z";"2024-06-30T05:16:00.000Z";"2781";140.0127239625;147.199323059;137.141370949;146.4924977253;1567841881.26;67754180754.1;"2024-06-30T23:59:59.999Z"
"2024-06-29T00:00:00.000Z";"2024-06-29T23:59:59.999Z";"2024-06-29T10:37:00.000Z";"2024-06-29T22:50:00.000Z";"2781";139.7193179302;142.8238572364;139.6678050752;140.0101495169;1139066175.44;64751313558.76;"2024-06-29T23:59:59.999Z"
"2024-06-28T00:00:00.000Z";"2024-06-28T23:59:59.999Z";"2024-06-28T01:40:00.000Z";"2024-06-28T21:13:00.000Z";"2781";149.4542650682;150.0515859353;139.3058926068;139.7034025374;2396070691.73;64591177828.11;"2024-06-28T23:59:59.999Z"
"2024-06-27T00:00:00.000Z";"2024-06-27T23:59:59.999Z";"2024-06-27T14:28:00.000Z";"2024-06-27T06:49:00.000Z";"2781";136.6134234881;150.7672121567;135.2449996386;149.4483747681;2831651846.42;69097889910.92;"2024-06-27T23:59:59.999Z"
"2024-06-26T00:00:00.000Z";"2024-06-26T23:59:59.999Z";"2024-06-26T02:19:00.000Z";"2024-06-26T17:22:00.000Z";"2781";136.5549703785;140.168755188;134.9257618472;136.6091530527;1670038553.72;63146576878.44;"2024-06-26T23:59:59.999Z"
"2024-06-25T00:00:00.000Z";"2024-06-25T23:59:59.999Z";"2024-06-25T15:36:00.000Z";"2024-06-25T01:37:00.000Z";"2781";132.2693477713;139.7295834353;131.2963588669;136.5591975573;2517391149.87;63124626804.31;"2024-06-25T23:59:59.999Z"
"2024-06-24T00:00:00.000Z";"2024-06-24T23:59:59.999Z";"2024-06-24T23:53:00.000Z";"2024-06-24T05:46:00.000Z";"2781";128.5980031878;132.3112280664;123.6693360232;132.2413922983;3420423300.8;61113437383.95;"2024-06-24T23:59:59.999Z"
"2024-06-23T00:00:00.000Z";"2024-06-23T23:59:59.999Z";"2024-06-23T00:38:00.000Z";"2024-06-23T23:43:00.000Z";"2781";133.6600098263;135.0058628289;128.2696997003;128.5904268043;1063910411.48;59426910196.83;"2024-06-23T23:59:59.999Z"
"2024-06-22T00:00:00.000Z";"2024-06-22T23:59:59.999Z";"2024-06-22T06:20:00.000Z";"2024-06-22T00:54:00.000Z";"2781";134.5676516917;136.4600495647;133.1424875274;133.6702445713;948392979.45;61755643846.7;"2024-06-22T23:59:59.999Z"
"2024-06-21T00:00:00.000Z";"2024-06-21T23:59:59.999Z";"2024-06-21T23:05:00.000Z";"2024-06-21T18:10:00.000Z";"2781";133.4719482456;135.2291612374;128.921928139;134.5882978678;2214701928.27;62180434898.68;"2024-06-21T23:59:59.999Z"
"2024-06-20T00:00:00.000Z";"2024-06-20T23:59:59.999Z";"2024-06-20T11:22:00.000Z";"2024-06-20T16:10:00.000Z";"2781";135.6095991661;141.0752441897;132.0876404304;133.4729589257;2343938225.83;61666371309.37;"2024-06-20T23:59:59.999Z"
"2024-06-19T00:00:00.000Z";"2024-06-19T23:59:59.999Z";"2024-06-19T07:08:00.000Z";"2024-06-19T23:40:00.000Z";"2781";137.4798130549;141.6699353477;134.7326338813;135.6095991661;2241396569.16;62638032857.66;"2024-06-19T23:59:59.999Z"
"2024-06-18T00:00:00.000Z";"2024-06-18T23:59:59.999Z";"2024-06-18T00:04:00.000Z";"2024-06-18T01:46:00.000Z";"2781";143.3146918681;143.6106570791;130.2890764809;137.5040020493;4046511952.22;63514126393.22;"2024-06-18T23:59:59.999Z"
"2024-06-17T00:00:00.000Z";"2024-06-17T23:59:59.999Z";"2024-06-17T00:38:00.000Z";"2024-06-17T16:22:00.000Z";"2781";151.1372449287;151.584771967;140.1388057562;143.3342740078;2244770231.85;66191148891.43;"2024-06-17T23:59:59.999Z"
"2024-06-16T00:00:00.000Z";"2024-06-16T23:59:59.999Z";"2024-06-16T23:59:00.000Z";"2024-06-16T05:01:00.000Z";"2781";145.4179694094;151.1255055499;143.1795295741;151.1255055499;1147997522.98;69790883511.71;"2024-06-16T23:59:59.999Z"
"2024-06-15T00:00:00.000Z";"2024-06-15T23:59:59.999Z";"2024-06-15T16:10:00.000Z";"2024-06-15T00:03:00.000Z";"2781";143.0740795525;145.5409664114;143.0236477981;145.4122127329;1065293341.3;67135628936.05;"2024-06-15T23:59:59.999Z"
"2024-06-14T00:00:00.000Z";"2024-06-14T23:59:59.999Z";"2024-06-14T12:27:00.000Z";"2024-06-14T18:25:00.000Z";"2781";147.2820499155;148.789333523;140.1153818083;143.0944439206;2330458882.92;66063660586.18;"2024-06-14T23:59:59.999Z"
"2024-06-13T00:00:00.000Z";"2024-06-13T23:59:59.999Z";"2024-06-13T00:00:00.000Z";"2024-06-13T21:29:00.000Z";"2781";155.1923563232;155.1923563232;146.1722417703;147.3144174591;2085097654.61;67991620183.62;"2024-06-13T23:59:59.999Z"
"2024-06-12T00:00:00.000Z";"2024-06-12T23:59:59.999Z";"2024-06-12T13:10:00.000Z";"2024-06-12T01:43:00.000Z";"2781";149.4223158207;161.5148302078;145.8214476202;155.1775713526;2853692260.38;71622233955.58;"2024-06-12T23:59:59.999Z"
"2024-06-11T00:00:00.000Z";"2024-06-11T23:59:59.999Z";"2024-06-11T00:25:00.000Z";"2024-06-11T17:24:00.000Z";"2781";158.9341246721;159.5231055133;145.8651848764;149.4289932692;2812642452.69;68878680459.16;"2024-06-11T23:59:59.999Z"
"2024-06-10T00:00:00.000Z";"2024-06-10T23:59:59.999Z";"2024-06-10T15:56:00.000Z";"2024-06-10T08:01:00.000Z";"2781";162.0788916464;162.8277550825;157.7702086234;158.9280300351;1815361482.27;73230549879.66;"2024-06-10T23:59:59.999Z"
"2024-06-09T00:00:00.000Z";"2024-06-09T23:59:59.999Z";"2024-06-09T19:12:00.000Z";"2024-06-09T03:28:00.000Z";"2781";157.9637109108;162.9189728838;156.7687625825;162.0835975651;1475878150.83;74686342403.05;"2024-06-09T23:59:59.999Z"
"2024-06-08T00:00:00.000Z";"2024-06-08T23:59:59.999Z";"2024-06-08T07:31:00.000Z";"2024-06-08T22:30:00.000Z";"2781";162.4967471481;163.6201812499;157.5429488931;157.9689084524;1722237785.03;72755220354.27;"2024-06-08T23:59:59.999Z"
"2024-06-07T00:00:00.000Z";"2024-06-07T23:59:59.999Z";"2024-06-07T12:07:00.000Z";"2024-06-07T18:16:00.000Z";"2781";170.0158352697;172.438159952;155.7987696402;162.5070418192;3298527574.53;74847158591.8;"2024-06-07T23:59:59.999Z"
"2024-06-06T00:00:00.000Z";"2024-06-06T23:59:59.999Z";"2024-06-06T02:34:00.000Z";"2024-06-06T20:04:00.000Z";"2781";173.4829153707;174.3047028682;167.8642113974;170.0162241931;1965442992.93;78192167337.2;"2024-06-06T23:59:59.999Z"
"2024-06-05T00:00:00.000Z";"2024-06-05T23:59:59.999Z";"2024-06-05T16:14:00.000Z";"2024-06-05T00:50:00.000Z";"2781";171.8019205191;175.4753133767;171.3829967956;173.4829153707;2405906612.48;79788482654.49;"2024-06-05T23:59:59.999Z"
"2024-06-04T00:00:00.000Z";"2024-06-04T23:59:59.999Z";"2024-06-04T23:59:00.000Z";"2024-06-04T09:55:00.000Z";"2781";164.9250591058;171.8168184425;164.5155349746;171.8019205191;2057558426.33;78995382868.04;"2024-06-04T23:59:59.999Z"
"2024-06-03T00:00:00.000Z";"2024-06-03T23:59:59.999Z";"2024-06-03T20:16:00.000Z";"2024-06-03T00:41:00.000Z";"2781";163.2501533406;167.0387594059;161.8537191555;164.9234645191;2182487608.38;75832425371.39;"2024-06-03T23:59:59.999Z"
"2024-06-02T00:00:00.000Z";"2024-06-02T23:59:59.999Z";"2024-06-02T01:35:00.000Z";"2024-06-02T18:06:00.000Z";"2781";166.0296149597;166.9154816834;161.6532450639;163.2499076498;1562269040.72;75044190328.88;"2024-06-02T23:59:59.999Z"
"2024-06-01T00:00:00.000Z";"2024-06-01T23:59:59.999Z";"2024-06-01T15:43:00.000Z";"2024-06-01T00:01:00.000Z";"2781";165.6377187438;167.7370841302;165.5856157508;166.0306756959;1058869940.72;76322878066.52;"2024-06-01T23:59:59.999Z"
"2024-05-31T00:00:00.000Z";"2024-05-31T23:59:59.999Z";"2024-05-31T12:40:00.000Z";"2024-05-31T16:22:00.000Z";"2781";166.9765379039;170.6315681406;163.9330872885;165.6377103351;2415920333.3;76097773563.92;"2024-05-31T23:59:59.999Z"
"2024-05-30T00:00:00.000Z";"2024-05-30T23:59:59.999Z";"2024-05-30T17:43:00.000Z";"2024-05-30T08:16:00.000Z";"2781";168.0726766674;172.4177926799;163.6839672952;166.9765379039;2932316784.2;76744933958.32;"2024-05-30T23:59:59.999Z"
"2024-05-29T00:00:00.000Z";"2024-05-29T23:59:59.999Z";"2024-05-29T06:31:00.000Z";"2024-05-29T12:41:00.000Z";"2781";168.6508408587;173.6419461017;167.3238511883;168.0726766674;2852496247.63;77250412381.11;"2024-05-29T23:59:59.999Z"
"2024-05-28T00:00:00.000Z";"2024-05-28T23:59:59.999Z";"2024-05-28T13:28:00.000Z";"2024-05-28T04:37:00.000Z";"2781";169.996144846;173.0171421229;164.9734055236;168.6508408587;3342283018.58;77496700584.34;"2024-05-28T23:59:59.999Z"
"2024-05-27T00:00:00.000Z";"2024-05-27T23:59:59.999Z";"2024-05-27T17:17:00.000Z";"2024-05-27T00:01:00.000Z";"2781";163.3509088571;171.9885451973;163.3354471268;169.996144846;2745440475.22;76416188372.82;"2024-05-27T23:59:59.999Z"
"2024-05-26T00:00:00.000Z";"2024-05-26T23:59:59.999Z";"2024-05-26T00:00:00.000Z";"2024-05-26T21:34:00.000Z";"2781";168.437639873;168.4392656491;161.2638725131;163.3509088571;2543881488.42;73410229629.36;"2024-05-26T23:59:59.999Z"
"2024-05-25T00:00:00.000Z";"2024-05-25T23:59:59.999Z";"2024-05-25T11:13:00.000Z";"2024-05-25T01:04:00.000Z";"2781";167.7969266074;170.3550523691;166.1130061388;168.437639873;1875205754.68;75697208304.93;"2024-05-25T23:59:59.999Z"
"2024-05-24T00:00:00.000Z";"2024-05-24T23:59:59.999Z";"2024-05-24T00:01:00.000Z";"2024-05-24T08:28:00.000Z";"2781";175.9857777768;176.0314820169;162.8658947267;167.7969266074;4013502064.5;75389730984.57;"2024-05-24T23:59:59.999Z"
"2024-05-23T00:00:00.000Z";"2024-05-23T23:59:59.999Z";"2024-05-23T21:46:00.000Z";"2024-05-23T20:10:00.000Z";"2781";176.8631119086;180.1652763859;167.4036902436;175.9857777768;5117258939.76;79070139294.69;"2024-05-23T23:59:59.999Z"
"2024-05-22T00:00:00.000Z";"2024-05-22T23:59:59.999Z";"2024-05-22T16:13:00.000Z";"2024-05-22T04:47:00.000Z";"2781";178.1156720323;183.0676693035;175.4474662451;176.8607811832;3833758536.46;79437309085.43;"2024-05-22T23:59:59.999Z"
"2024-05-21T00:00:00.000Z";"2024-05-21T23:59:59.999Z";"2024-05-21T00:28:00.000Z";"2024-05-21T19:44:00.000Z";"2781";186.5195209383;188.4938346861;174.7117064944;178.1161569106;4568414163.28;80000969543.29;"2024-05-21T23:59:59.999Z"
"2024-05-20T00:00:00.000Z";"2024-05-20T23:59:59.999Z";"2024-05-20T20:01:00.000Z";"2024-05-20T01:38:00.000Z";"2781";170.0913547301;187.4471207685;168.0304459605;186.5204897272;4636864705.4;83768041175.26;"2024-05-20T23:59:59.999Z"
"2024-05-19T00:00:00.000Z";"2024-05-19T23:59:59.999Z";"2024-05-19T05:17:00.000Z";"2024-05-19T15:17:00.000Z";"2781";172.5392064839;175.1893286328;166.7326134124;170.0913547301;2300080450.52;76356164592.96;"2024-05-19T23:59:59.999Z"
"2024-05-18T00:00:00.000Z";"2024-05-18T23:59:59.999Z";"2024-05-18T10:13:00.000Z";"2024-05-18T00:34:00.000Z";"2781";169.5305535338;175.7790920851;168.9330580638;172.5391322879;2479657643.33;77455466322.44;"2024-05-18T23:59:59.999Z"
"2024-05-17T00:00:00.000Z";"2024-05-17T23:59:59.999Z";"2024-05-17T16:23:00.000Z";"2024-05-17T00:00:00.000Z";"2781";159.1164512143;171.606082917;159.1164512143;169.5305535338;3371355808.76;76085268448.34;"2024-05-17T23:59:59.999Z"
"2024-05-16T00:00:00.000Z";"2024-05-16T23:59:59.999Z";"2024-05-16T10:01:00.000Z";"2024-05-16T17:31:00.000Z";"2781";158.1877656903;164.3193282166;156.7726233686;159.1164512143;3498272951.08;71406799641.64;"2024-05-16T23:59:59.999Z"
"2024-05-15T00:00:00.000Z";"2024-05-15T23:59:59.999Z";"2024-05-15T23:44:00.000Z";"2024-05-15T00:49:00.000Z";"2781";142.0303960428;158.6407224758;141.3503325527;158.1868227236;3585715673.75;70971387522.51;"2024-05-15T23:59:59.999Z"
"2024-05-14T00:00:00.000Z";"2024-05-14T23:59:59.999Z";"2024-05-14T05:26:00.000Z";"2024-05-14T16:10:00.000Z";"2781";147.2790884876;148.8286914625;141.9068552799;142.0303960428;2586166418.71;63721775589.31;"2024-05-14T23:59:59.999Z"
"2024-05-13T00:00:00.000Z";"2024-05-13T23:59:59.999Z";"2024-05-13T16:37:00.000Z";"2024-05-13T05:55:00.000Z";"2781";143.5208156491;150.5466565844;138.0328586808;147.2823271223;2556255769.13;66060925602.41;"2024-05-13T23:59:59.999Z"
"2024-05-12T00:00:00.000Z";"2024-05-12T23:59:59.999Z";"2024-05-12T06:01:00.000Z";"2024-05-12T21:28:00.000Z";"2781";145.3143723395;147.5714779373;142.8818431967;143.5208156491;936690341.19;64374674547.7;"2024-05-12T23:59:59.999Z"
"2024-05-11T00:00:00.000Z";"2024-05-11T23:59:59.999Z";"2024-05-11T01:22:00.000Z";"2024-05-11T11:19:00.000Z";"2781";146.2169665016;147.4264417011;143.3314042277;145.3143723395;1243751505.46;65162205130.09;"2024-05-11T23:59:59.999Z"
"2024-05-10T00:00:00.000Z";"2024-05-10T23:59:59.999Z";"2024-05-10T07:05:00.000Z";"2024-05-10T22:31:00.000Z";"2781";152.8528989188;155.4115978956;144.9388007459;146.216909616;2471594251.12;65542239882.23;"2024-05-10T23:59:59.999Z"
"2024-05-09T00:00:00.000Z";"2024-05-09T23:59:59.999Z";"2024-05-09T22:49:00.000Z";"2024-05-09T11:05:00.000Z";"2781";142.2947343774;153.0862410147;140.7896472951;152.8499497529;2249863779.86;68516742032.57;"2024-05-09T23:59:59.999Z"
"2024-05-08T00:00:00.000Z";"2024-05-08T23:59:59.999Z";"2024-05-08T02:52:00.000Z";"2024-05-08T21:19:00.000Z";"2781";148.1343208526;149.8108951502;140.1690913217;142.2947343774;2502237557.32;63761642429.19;"2024-05-08T23:59:59.999Z"
"2024-05-07T00:00:00.000Z";"2024-05-07T23:59:59.999Z";"2024-05-07T09:22:00.000Z";"2024-05-07T23:58:00.000Z";"2781";152.8066781515;159.0534564503;148.0836125491;148.1343208526;2687619013.49;66379410042.49;"2024-05-07T23:59:59.999Z"
"2024-05-06T00:00:00.000Z";"2024-05-06T23:59:59.999Z";"2024-05-06T10:13:00.000Z";"2024-05-06T03:17:00.000Z";"2781";145.7120475747;156.6266970502;145.5843173835;152.8023970724;2926902879.75;68370915818.79;"2024-05-06T23:59:59.999Z"
"2024-05-05T00:00:00.000Z";"2024-05-05T23:59:59.999Z";"2024-05-05T15:01:00.000Z";"2024-05-05T01:44:00.000Z";"2781";146.1350633278;147.9164658325;143.4784517568;145.713028127;2034794725.23;65197416097.08;"2024-05-05T23:59:59.999Z"
"2024-05-04T00:00:00.000Z";"2024-05-04T23:59:59.999Z";"2024-05-04T11:02:00.000Z";"2024-05-04T02:09:00.000Z";"2781";143.7721978618;148.9357481704;142.5662613343;146.1350633278;3050187811.35;65369829237.21;"2024-05-04T23:59:59.999Z"
"2024-05-03T00:00:00.000Z";"2024-05-03T23:59:59.999Z";"2024-05-03T20:52:00.000Z";"2024-05-03T11:10:00.000Z";"2781";137.8144854583;144.9600308491;136.1234345155;143.7725598507;3216962297.88;64313630229.63;"2024-05-03T23:59:59.999Z"
"2024-05-02T00:00:00.000Z";"2024-05-02T23:59:59.999Z";"2024-05-02T22:10:00.000Z";"2024-05-02T05:34:00.000Z";"2781";134.6279756101;140.2815260643;128.2602880721;137.8144854583;3380078367.7;61649393246.12;"2024-05-02T23:59:59.999Z"
"2024-05-01T00:00:00.000Z";"2024-05-01T23:59:59.999Z";"2024-05-01T18:54:00.000Z";"2024-05-01T08:25:00.000Z";"2781";126.9625436869;135.1138543354;119.3848081172;134.6279756101;4136407963.44;60206144227.88;"2024-05-01T23:59:59.999Z"
"2024-04-30T00:00:00.000Z";"2024-04-30T23:59:59.999Z";"2024-04-30T00:56:00.000Z";"2024-04-30T19:29:00.000Z";"2781";137.7773038977;139.6676507834;121.6374557368;126.9627084535;3407320371.49;56808238321.18;"2024-04-30T23:59:59.999Z"
"2024-04-29T00:00:00.000Z";"2024-04-29T23:59:59.999Z";"2024-04-29T00:21:00.000Z";"2024-04-29T17:01:00.000Z";"2781";137.8601881927;138.7387196632;133.7091660815;137.7766604074;2464951751.26;61623649856.61;"2024-04-29T23:59:59.999Z"
"2024-04-28T00:00:00.000Z";"2024-04-28T23:59:59.999Z";"2024-04-28T03:14:00.000Z";"2024-04-28T23:42:00.000Z";"2781";141.2891619466;144.5138780418;137.2330236992;137.8564122775;1959005342.27;61662678759.52;"2024-04-28T23:59:59.999Z"
"2024-04-27T00:00:00.000Z";"2024-04-27T23:59:59.999Z";"2024-04-27T20:04:00.000Z";"2024-04-27T01:19:00.000Z";"2781";139.1043466961;142.8745174172;134.028907711;141.2891619466;2373155947.45;63177157946.91;"2024-04-27T23:59:59.999Z"
"2024-04-26T00:00:00.000Z";"2024-04-26T23:59:59.999Z";"2024-04-26T14:19:00.000Z";"2024-04-26T22:58:00.000Z";"2781";144.889179299;145.8546090299;138.9083934031;139.1043466961;2564389026.71;62200672194.38;"2024-04-26T23:59:59.999Z"
"2024-04-25T00:00:00.000Z";"2024-04-25T23:59:59.999Z";"2024-04-25T00:47:00.000Z";"2024-04-25T13:22:00.000Z";"2781";147.7496128343;149.3037534908;142.2645693984;144.8921247704;3674969171.63;64788385180.06;"2024-04-25T23:59:59.999Z"
"2024-04-24T00:00:00.000Z";"2024-04-24T23:59:59.999Z";"2024-04-24T12:11:00.000Z";"2024-04-24T23:04:00.000Z";"2781";154.7013049554;159.5809054368;145.7705760343;147.7451445379;3932336720.07;66048269189.89;"2024-04-24T23:59:59.999Z"
"2024-04-23T00:00:00.000Z";"2024-04-23T23:59:59.999Z";"2024-04-23T17:47:00.000Z";"2024-04-23T07:38:00.000Z";"2781";157.0312257577;159.9445999575;153.3231176246;154.7013049554;2750685937.01;69159022995.56;"2024-04-23T23:59:59.999Z"
"2024-04-22T00:00:00.000Z";"2024-04-22T23:59:59.999Z";"2024-04-22T22:59:00.000Z";"2024-04-22T02:28:00.000Z";"2781";148.6093127546;158.3727065839;146.9916954396;157.0312257577;2959650502.38;70180765530.1;"2024-04-22T23:59:59.999Z"
"2024-04-21T00:00:00.000Z";"2024-04-21T23:59:59.999Z";"2024-04-21T03:13:00.000Z";"2024-04-21T16:42:00.000Z";"2781";151.1340836942;153.4222541075;147.1695198231;148.6093127546;2211663290.99;66417713293.19;"2024-04-21T23:59:59.999Z"
"2024-04-20T00:00:00.000Z";"2024-04-20T23:59:59.999Z";"2024-04-20T20:15:00.000Z";"2024-04-20T01:07:00.000Z";"2781";142.6784587894;152.099184143;140.0057102162;151.1335642137;2795892210.62;67528361463.63;"2024-04-20T23:59:59.999Z"
"2024-04-19T00:00:00.000Z";"2024-04-19T23:59:59.999Z";"2024-04-19T16:07:00.000Z";"2024-04-19T02:49:00.000Z";"2781";142.082397019;147.3337850501;128.8628308156;142.6804960383;5857667913.45;63751797974.9;"2024-04-19T23:59:59.999Z"
"2024-04-18T00:00:00.000Z";"2024-04-18T23:59:59.999Z";"2024-04-18T23:19:00.000Z";"2024-04-18T08:24:00.000Z";"2781";131.8671775095;143.7273608677;128.0767586523;142.082397019;4193561506.2;63485357601.24;"2024-04-18T23:59:59.999Z"
"2024-04-17T00:00:00.000Z";"2024-04-17T23:59:59.999Z";"2024-04-17T04:59:00.000Z";"2024-04-17T16:08:00.000Z";"2781";136.2791068591;142.6043900742;127.5289524047;131.8661773899;4888546522.48;58905554117.05;"2024-04-17T23:59:59.999Z"
"2024-04-16T00:00:00.000Z";"2024-04-16T23:59:59.999Z";"2024-04-16T01:36:00.000Z";"2024-04-16T16:23:00.000Z";"2781";138.5075688969;140.2783086126;126.8652810948;136.2793233476;5156084639.15;60879101842.83;"2024-04-16T23:59:59.999Z"
"2024-04-15T00:00:00.000Z";"2024-04-15T23:59:59.999Z";"2024-04-15T06:43:00.000Z";"2024-04-15T19:07:00.000Z";"2781";151.2994342421;155.9611649226;134.5725537286;138.5086276801;5699439233.75;61857236412.61;"2024-04-15T23:59:59.999Z"
"2024-04-14T00:00:00.000Z";"2024-04-14T23:59:59.999Z";"2024-04-14T23:22:00.000Z";"2024-04-14T03:16:00.000Z";"2781";139.3416872595;152.5010114495;131.2871726324;151.2849466411;7110974217.55;67565919330.09;"2024-04-14T23:59:59.999Z"
"2024-04-13T00:00:00.000Z";"2024-04-13T23:59:59.999Z";"2024-04-13T05:25:00.000Z";"2024-04-13T20:10:00.000Z";"2781";153.6344829001;154.9439562636;119.8333403765;139.3416872595;8976793984.58;62209618029.83;"2024-04-13T23:59:59.999Z"
"2024-04-12T00:00:00.000Z";"2024-04-12T23:59:59.999Z";"2024-04-12T06:04:00.000Z";"2024-04-12T18:37:00.000Z";"2781";172.576364761;175.8086349085;145.5163828498;153.6354718515;4727185450.57;68514901386.09;"2024-04-12T23:59:59.999Z"
"2024-04-11T00:00:00.000Z";"2024-04-11T23:59:59.999Z";"2024-04-11T18:43:00.000Z";"2024-04-11T11:59:00.000Z";"2781";173.4373601875;176.2355200022;170.3934260039;172.576364761;2712334365.08;76942708222.38;"2024-04-11T23:59:59.999Z"
"2024-04-10T00:00:00.000Z";"2024-04-10T23:59:59.999Z";"2024-04-10T22:38:00.000Z";"2024-04-10T12:41:00.000Z";"2781";172.4142648319;175.3226119742;163.8131318533;173.4373601875;3344074648.23;77297959814.53;"2024-04-10T23:59:59.999Z"
"2024-04-09T00:00:00.000Z";"2024-04-09T23:59:59.999Z";"2024-04-09T00:19:00.000Z";"2024-04-09T15:13:00.000Z";"2781";180.7795147602;180.8256817813;169.3677617896;172.4136164248;2688188865.68;76842591474.79;"2024-04-09T23:59:59.999Z"
"2024-04-08T00:00:00.000Z";"2024-04-08T23:59:59.999Z";"2024-04-08T09:38:00.000Z";"2024-04-08T03:13:00.000Z";"2781";179.6506914183;184.3028663064;175.5899774009;180.7847714952;2744377905.37;80549867853.55;"2024-04-08T23:59:59.999Z"
"2024-04-07T00:00:00.000Z";"2024-04-07T23:59:59.999Z";"2024-04-07T02:06:00.000Z";"2024-04-07T22:07:00.000Z";"2781";178.9153447838;182.538214522;177.0657895847;179.6498527519;1854793003.42;80048604596.75;"2024-04-07T23:59:59.999Z"
"2024-04-06T00:00:00.000Z";"2024-04-06T23:59:59.999Z";"2024-04-06T23:31:00.000Z";"2024-04-06T02:39:00.000Z";"2781";174.5015097894;179.697528544;173.8743059132;178.9153447838;4672922788.61;79602083518.2;"2024-04-06T23:59:59.999Z"
"2024-04-05T00:00:00.000Z";"2024-04-05T23:59:59.999Z";"2024-04-05T01:01:00.000Z";"2024-04-05T12:39:00.000Z";"2781";183.9581190076;184.9777881926;168.2360744088;174.5015097894;7398400404.29;77639578798.39;"2024-04-05T23:59:59.999Z"
"2024-04-04T00:00:00.000Z";"2024-04-04T23:59:59.999Z";"2024-04-04T18:05:00.000Z";"2024-04-04T04:26:00.000Z";"2781";185.2486039186;190.0696850848;180.5122944625;183.9581190076;4101220963.79;81848676449.44;"2024-04-04T23:59:59.999Z"
"2024-04-03T00:00:00.000Z";"2024-04-03T23:59:59.999Z";"2024-04-03T06:32:00.000Z";"2024-04-03T00:40:00.000Z";"2781";181.1727225989;191.6926728984;177.3955071733;185.2486039186;4160370221.42;82401380826.41;"2024-04-03T23:59:59.999Z"
"2024-04-02T00:00:00.000Z";"2024-04-02T23:59:59.999Z";"2024-04-02T00:00:00.000Z";"2024-04-02T13:43:00.000Z";"2781";192.5678236508;192.5694321078;176.1320815101;181.1722574827;4553269015.22;80589823339.92;"2024-04-02T23:59:59.999Z"
"2024-04-01T00:00:00.000Z";"2024-04-01T23:59:59.999Z";"2024-04-01T01:32:00.000Z";"2024-04-01T15:56:00.000Z";"2781";202.8744339989;204.1797657778;187.4888980119;192.5678236508;3872515434.01;85635905165.52;"2024-04-01T23:59:59.999Z"
"2024-03-31T00:00:00.000Z";"2024-03-31T23:59:59.999Z";"2024-03-31T23:58:00.000Z";"2024-03-31T03:20:00.000Z";"2781";194.375797898;203.0267870553;194.0353212305;202.874131194;2342185475.68;90192360865.17;"2024-03-31T23:59:59.999Z"
"2024-03-30T00:00:00.000Z";"2024-03-30T23:59:59.999Z";"2024-03-30T05:40:00.000Z";"2024-03-30T00:28:00.000Z";"2781";192.2278542586;199.7309416236;191.2167745878;194.3855423184;2999311845.75;86381585799.89;"2024-03-30T23:59:59.999Z"
"2024-03-29T00:00:00.000Z";"2024-03-29T23:59:59.999Z";"2024-03-29T23:25:00.000Z";"2024-03-29T10:07:00.000Z";"2781";189.6216335012;192.9698132311;183.6461580817;192.227955706;3031009580.49;85426393569.72;"2024-03-29T23:59:59.999Z"
"2024-03-28T00:00:00.000Z";"2024-03-28T23:59:59.999Z";"2024-03-28T23:22:00.000Z";"2024-03-28T03:45:00.000Z";"2781";186.361467314;190.8834698768;180.9976150687;189.6216335012;2910414255.51;84246500601.21;"2024-03-28T23:59:59.999Z"
"2024-03-27T00:00:00.000Z";"2024-03-27T23:59:59.999Z";"2024-03-27T01:15:00.000Z";"2024-03-27T16:16:00.000Z";"2781";190.6999853581;192.4965833717;180.4204444354;186.361467314;3844985014.18;82799408956.75;"2024-03-27T23:59:59.999Z"
"2024-03-26T00:00:00.000Z";"2024-03-26T23:59:59.999Z";"2024-03-26T07:31:00.000Z";"2024-03-26T17:17:00.000Z";"2781";189.083387541;196.2930411859;186.7528260582;190.6998650111;3520179570.59;84728545592.52;"2024-03-26T23:59:59.999Z"
"2024-03-25T00:00:00.000Z";"2024-03-25T23:59:59.999Z";"2024-03-25T17:16:00.000Z";"2024-03-25T01:01:00.000Z";"2781";183.5734516463;194.4302652045;181.2523511846;189.0835389952;4066489820.54;83987620158.75;"2024-03-25T23:59:59.999Z"
"2024-03-24T00:00:00.000Z";"2024-03-24T23:59:59.999Z";"2024-03-24T23:11:00.000Z";"2024-03-24T04:05:00.000Z";"2781";172.8978673329;186.6294245728;171.6737275536;183.5734516463;2661231892.98;81539943651.14;"2024-03-24T23:59:59.999Z"
"2024-03-23T00:00:00.000Z";"2024-03-23T23:59:59.999Z";"2024-03-23T14:38:00.000Z";"2024-03-23T03:38:00.000Z";"2781";174.3637086084;178.8001094295;171.0169698444;172.9022482533;2711581880.97;76777960668.96;"2024-03-23T23:59:59.999Z"
"2024-03-22T00:00:00.000Z";"2024-03-22T23:59:59.999Z";"2024-03-22T00:22:00.000Z";"2024-03-22T14:28:00.000Z";"2781";179.2398091874;181.3232397299;167.8778525683;174.3637086084;4150938142.38;77430916620.27;"2024-03-22T23:59:59.999Z"
"2024-03-21T00:00:00.000Z";"2024-03-21T23:59:59.999Z";"2024-03-21T00:52:00.000Z";"2024-03-21T20:06:00.000Z";"2781";191.5496193378;195.3061260617;176.2833179466;179.2207460832;5613811274.96;79575489104.09;"2024-03-21T23:59:59.999Z"
"2024-03-20T00:00:00.000Z";"2024-03-20T23:59:59.999Z";"2024-03-20T22:17:00.000Z";"2024-03-20T05:28:00.000Z";"2781";170.0162748715;192.9118194235;163.2962696776;191.5496193378;8673957460.22;85046806349.53;"2024-03-20T23:59:59.999Z"
"2024-03-19T00:00:00.000Z";"2024-03-19T23:59:59.999Z";"2024-03-19T00:22:00.000Z";"2024-03-19T22:31:00.000Z";"2781";195.9927520823;198.2410709;166.176735886;170.0162748715;11658593921.57;75466865630.06;"2024-03-19T23:59:59.999Z"
"2024-03-18T00:00:00.000Z";"2024-03-18T23:59:59.999Z";"2024-03-18T10:16:00.000Z";"2024-03-18T01:08:00.000Z";"2781";202.1226040964;209.6960618569;194.8494080814;195.9927520823;11137647409.7;86998068120.46;"2024-03-18T23:59:59.999Z"
"2024-03-17T00:00:00.000Z";"2024-03-17T23:59:59.999Z";"2024-03-17T22:46:00.000Z";"2024-03-17T07:40:00.000Z";"2781";181.8803407938;204.2925453175;179.2255970494;202.1235607856;10876218561.57;89697345896;"2024-03-17T23:59:59.999Z"
"2024-03-16T00:00:00.000Z";"2024-03-16T23:59:59.999Z";"2024-03-16T10:41:00.000Z";"2024-03-16T20:20:00.000Z";"2781";182.9675105582;197.6559970548;177.4612712147;181.8803407938;11794134069.35;80716457995.81;"2024-03-16T23:59:59.999Z"
"2024-03-15T00:00:00.000Z";"2024-03-15T23:59:59.999Z";"2024-03-15T19:17:00.000Z";"2024-03-15T09:11:00.000Z";"2781";176.6797551198;188.5013617708;165.4127201378;182.9646984744;14093348410.08;81165758924.9;"2024-03-15T23:59:59.999Z"
"2024-03-14T00:00:00.000Z";"2024-03-14T23:59:59.999Z";"2024-03-14T23:47:00.000Z";"2024-03-14T19:45:00.000Z";"2781";163.8399322101;177.8926276641;160.2335581511;176.6797551198;8399967971.85;78373508249.59;"2024-03-14T23:59:59.999Z"
"2024-03-13T00:00:00.000Z";"2024-03-13T23:59:59.999Z";"2024-03-13T21:58:00.000Z";"2024-03-13T04:25:00.000Z";"2781";151.0154447409;166.4487593107;148.9456190667;163.8398136601;5917471836.1;72668118573.65;"2024-03-13T23:59:59.999Z"
"2024-03-12T00:00:00.000Z";"2024-03-12T23:59:59.999Z";"2024-03-12T03:29:00.000Z";"2024-03-12T17:24:00.000Z";"2781";148.7496839667;154.9422949258;142.8701542239;151.0154447409;6413617982.8;66980515085.21;"2024-03-12T23:59:59.999Z"